Deck,vs_Deck,Win_Rate_Range,Win_Rate,Matches
Boros Energy,Overall,52% - 54%,53%,5112
Boros Energy,Boros Energy,46% - 54%,50%,736
Boros Energy,Izzet Prowess,50% - 60%,55%,393
Boros Energy,Eldrazi Ramp,45% - 56%,51%,348
Boros Energy,Amulet Titan,43% - 54%,49%,333
Boros Energy,Domain Aggro,44% - 55%,49%,298
Boros Energy,Dimir Frog,51% - 65%,58%,221
Boros Energy,Tameshi Belcher,31% - 44%,37%,221
Boros Energy,Orzhov Blink,43% - 57%,50%,194
Boros Energy,Esper Reanimator,38% - 56%,47%,134
Boros Energy,Esper Blink,40% - 56%,48%,148
Boros Energy,Affinity,43% - 59%,51%,156
Boros Energy,Ruby Storm,46% - 63%,54%,145
Boros Energy,Eldrazi Tron,37% - 57%,47%,98
Boros Energy,Eldrazi Bloodchief Combo,36% - 55%,45%,113
Boros Energy,Azorius Control,51% - 70%,61%,110
Boros Energy,Samwise Combo,46% - 69%,58%,74
Boros Energy,Neoform,28% - 52%,39%,69
Boros Energy,Mill,65% - 86%,77%,65
Boros Energy,Hollow One,63% - 86%,75%,61
Boros Energy,Jeskai Ascendancy,49% - 74%,62%,66
Boros Energy,Grixis Reanimator,40% - 67%,54%,54
Boros Energy,Jeskai Energy Control,32% - 58%,44%,61
Boros Energy,Living End,38% - 65%,52%,60
Boros Energy,Eldrazi Aggro,47% - 75%,62%,52
Boros Energy,Mardu Energy,63% - 93%,81%,31
Boros Energy,Golgari Yawgmoth,41% - 75%,59%,34
Boros Energy,Esper Frog,37% - 77%,58%,26
Boros Energy,Merfolk,54% - 88%,73%,30
Boros Energy,Hammer Time,26% - 67%,46%,24
Boros Energy,Mono Black Necrodominance,35% - 90%,67%,12
Izzet Prowess,Overall,47% - 51%,49%,2523
Izzet Prowess,Boros Energy,40% - 50%,45%,393
Izzet Prowess,Izzet Prowess,43% - 57%,50%,220
Izzet Prowess,Eldrazi Ramp,38% - 53%,45%,185
Izzet Prowess,Amulet Titan,37% - 52%,44%,167
Izzet Prowess,Domain Aggro,27% - 43%,35%,142
Izzet Prowess,Dimir Frog,44% - 62%,53%,120
Izzet Prowess,Tameshi Belcher,43% - 63%,53%,101
Izzet Prowess,Orzhov Blink,45% - 65%,55%,102
Izzet Prowess,Esper Reanimator,30% - 56%,42%,59
Izzet Prowess,Esper Blink,32% - 57%,44%,66
Izzet Prowess,Affinity,46% - 69%,58%,78
Izzet Prowess,Ruby Storm,48% - 72%,60%,68
Izzet Prowess,Eldrazi Tron,28% - 59%,43%,42
Izzet Prowess,Eldrazi Bloodchief Combo,28% - 57%,42%,48
Izzet Prowess,Azorius Control,39% - 70%,55%,42
Izzet Prowess,Samwise Combo,39% - 73%,57%,37
Izzet Prowess,Neoform,33% - 70%,52%,31
Izzet Prowess,Mill,56% - 91%,77%,26
Izzet Prowess,Hollow One,37% - 75%,57%,30
Izzet Prowess,Jeskai Ascendancy,35% - 70%,53%,34
Izzet Prowess,Grixis Reanimator,24% - 65%,44%,25
Izzet Prowess,Jeskai Energy Control,21% - 56%,38%,32
Izzet Prowess,Living End,27% - 73%,50%,20
Izzet Prowess,Eldrazi Aggro,13% - 47%,28%,29
Izzet Prowess,Mardu Energy,26% - 74%,50%,18
Izzet Prowess,Golgari Yawgmoth,15% - 65%,38%,16
Izzet Prowess,Esper Frog,16% - 84%,50%,8
Izzet Prowess,Merfolk,44% - 90%,71%,17
Izzet Prowess,Hammer Time,9% - 61%,31%,13
Izzet Prowess,Mono Black Necrodominance,39% - 94%,73%,11
Eldrazi Ramp,Overall,47% - 51%,49%,2443
Eldrazi Ramp,Boros Energy,44% - 55%,49%,348
Eldrazi Ramp,Izzet Prowess,47% - 62%,55%,185
Eldrazi Ramp,Eldrazi Ramp,43% - 57%,50%,208
Eldrazi Ramp,Amulet Titan,30% - 45%,37%,190
Eldrazi Ramp,Domain Aggro,33% - 49%,41%,150
Eldrazi Ramp,Dimir Frog,51% - 68%,60%,151
Eldrazi Ramp,Tameshi Belcher,20% - 41%,30%,84
Eldrazi Ramp,Orzhov Blink,57% - 74%,66%,124
Eldrazi Ramp,Esper Reanimator,25% - 50%,37%,60
Eldrazi Ramp,Esper Blink,41% - 73%,58%,40
Eldrazi Ramp,Affinity,25% - 50%,37%,60
Eldrazi Ramp,Ruby Storm,28% - 54%,40%,62
Eldrazi Ramp,Eldrazi Tron,44% - 80%,63%,30
Eldrazi Ramp,Eldrazi Bloodchief Combo,17% - 47%,30%,40
Eldrazi Ramp,Azorius Control,39% - 70%,55%,44
Eldrazi Ramp,Samwise Combo,15% - 51%,31%,29
Eldrazi Ramp,Neoform,11% - 52%,29%,21
Eldrazi Ramp,Mill,27% - 62%,44%,34
Eldrazi Ramp,Hollow One,34% - 66%,50%,40
Eldrazi Ramp,Jeskai Ascendancy,19% - 55%,35%,31
Eldrazi Ramp,Grixis Reanimator,9% - 49%,25%,20
Eldrazi Ramp,Jeskai Energy Control,55% - 89%,75%,28
Eldrazi Ramp,Living End,10% - 47%,25%,24
Eldrazi Ramp,Eldrazi Aggro,34% - 78%,57%,21
Eldrazi Ramp,Mardu Energy,15% - 59%,35%,20
Eldrazi Ramp,Golgari Yawgmoth,26% - 67%,46%,24
Eldrazi Ramp,Esper Frog,39% - 91%,69%,13
Eldrazi Ramp,Merfolk,38% - 84%,63%,19
Eldrazi Ramp,Hammer Time,21% - 79%,50%,12
Eldrazi Ramp,Mono Black Necrodominance,35% - 97%,75%,8
Amulet Titan,Overall,49% - 53%,51%,2347
Amulet Titan,Boros Energy,45% - 56%,51%,333
Amulet Titan,Izzet Prowess,47% - 63%,55%,167
Amulet Titan,Eldrazi Ramp,55% - 70%,63%,190
Amulet Titan,Amulet Titan,40% - 58%,49%,132
Amulet Titan,Domain Aggro,51% - 68%,59%,133
Amulet Titan,Dimir Frog,33% - 51%,42%,115
Amulet Titan,Tameshi Belcher,26% - 45%,35%,106
Amulet Titan,Orzhov Blink,33% - 55%,44%,82
Amulet Titan,Esper Reanimator,25% - 48%,36%,75
Amulet Titan,Esper Blink,36% - 58%,47%,83
Amulet Titan,Affinity,33% - 60%,46%,56
Amulet Titan,Ruby Storm,18% - 42%,29%,59
Amulet Titan,Eldrazi Tron,73% - 93%,85%,54
Amulet Titan,Eldrazi Bloodchief Combo,36% - 66%,51%,47
Amulet Titan,Azorius Control,20% - 48%,33%,46
Amulet Titan,Samwise Combo,26% - 56%,40%,45
Amulet Titan,Neoform,21% - 64%,41%,22
Amulet Titan,Mill,28% - 72%,50%,22
Amulet Titan,Hollow One,41% - 76%,59%,32
Amulet Titan,Jeskai Ascendancy,41% - 75%,59%,34
Amulet Titan,Grixis Reanimator,43% - 77%,61%,36
Amulet Titan,Jeskai Energy Control,17% - 56%,35%,26
Amulet Titan,Living End,12% - 49%,28%,25
Amulet Titan,Eldrazi Aggro,50% - 89%,73%,22
Amulet Titan,Mardu Energy,14% - 79%,44%,9
Amulet Titan,Golgari Yawgmoth,45% - 92%,73%,15
Amulet Titan,Esper Frog,29% - 82%,57%,14
Amulet Titan,Merfolk,11% - 59%,31%,16
Amulet Titan,Hammer Time,32% - 86%,62%,13
Amulet Titan,Mono Black Necrodominance,19% - 99%,75%,4
Domain Aggro,Overall,51% - 56%,53%,2024
Domain Aggro,Boros Energy,44% - 56%,50%,298
Domain Aggro,Izzet Prowess,57% - 73%,65%,142
Domain Aggro,Eldrazi Ramp,51% - 67%,59%,150
Domain Aggro,Amulet Titan,32% - 49%,41%,133
Domain Aggro,Domain Aggro,41% - 59%,50%,128
Domain Aggro,Dimir Frog,41% - 61%,51%,102
Domain Aggro,Tameshi Belcher,41% - 63%,52%,83
Domain Aggro,Orzhov Blink,28% - 52%,40%,68
Domain Aggro,Esper Reanimator,37% - 61%,49%,71
Domain Aggro,Esper Blink,45% - 69%,57%,72
Domain Aggro,Affinity,31% - 57%,43%,60
Domain Aggro,Ruby Storm,42% - 70%,56%,55
Domain Aggro,Eldrazi Tron,25% - 63%,43%,30
Domain Aggro,Eldrazi Bloodchief Combo,39% - 70%,55%,44
Domain Aggro,Azorius Control,34% - 77%,57%,23
Domain Aggro,Samwise Combo,34% - 77%,57%,23
Domain Aggro,Neoform,32% - 71%,52%,27
Domain Aggro,Mill,37% - 76%,57%,28
Domain Aggro,Hollow One,22% - 69%,44%,18
Domain Aggro,Jeskai Ascendancy,34% - 78%,57%,21
Domain Aggro,Grixis Reanimator,20% - 70%,44%,16
Domain Aggro,Jeskai Energy Control,21% - 61%,40%,25
Domain Aggro,Living End,30% - 80%,56%,16
Domain Aggro,Eldrazi Aggro,27% - 79%,53%,15
Domain Aggro,Mardu Energy,26% - 64%,45%,29
Domain Aggro,Golgari Yawgmoth,21% - 79%,50%,12
Domain Aggro,Esper Frog,25% - 75%,50%,16
Domain Aggro,Merfolk,26% - 88%,60%,10
Domain Aggro,Hammer Time,21% - 86%,56%,9
Domain Aggro,Mono Black Necrodominance,29% - 96%,71%,7
Dimir Frog,Overall,47% - 52%,50%,1726
Dimir Frog,Boros Energy,35% - 49%,42%,221
Dimir Frog,Izzet Prowess,38% - 56%,47%,120
Dimir Frog,Eldrazi Ramp,32% - 49%,40%,151
Dimir Frog,Amulet Titan,49% - 67%,58%,115
Dimir Frog,Domain Aggro,39% - 59%,49%,102
Dimir Frog,Dimir Frog,40% - 60%,50%,96
Dimir Frog,Tameshi Belcher,29% - 54%,42%,65
Dimir Frog,Orzhov Blink,29% - 50%,39%,92
Dimir Frog,Esper Reanimator,18% - 52%,33%,33
Dimir Frog,Esper Blink,28% - 62%,44%,36
Dimir Frog,Affinity,25% - 57%,40%,40
Dimir Frog,Ruby Storm,60% - 82%,72%,75
Dimir Frog,Eldrazi Tron,13% - 51%,29%,24
Dimir Frog,Eldrazi Bloodchief Combo,17% - 59%,36%,22
Dimir Frog,Azorius Control,38% - 73%,56%,34
Dimir Frog,Samwise Combo,34% - 77%,57%,23
Dimir Frog,Neoform,59% - 100%,91%,11
Dimir Frog,Mill,51% - 88%,72%,25
Dimir Frog,Hollow One,43% - 82%,64%,25
Dimir Frog,Jeskai Ascendancy,29% - 82%,57%,14
Dimir Frog,Grixis Reanimator,35% - 93%,70%,10
Dimir Frog,Jeskai Energy Control,43% - 84%,65%,23
Dimir Frog,Living End,13% - 59%,33%,18
Dimir Frog,Eldrazi Aggro,23% - 77%,50%,14
Dimir Frog,Mardu Energy,16% - 62%,37%,19
Dimir Frog,Golgari Yawgmoth,29% - 96%,71%,7
Dimir Frog,Esper Frog,12% - 74%,40%,10
Dimir Frog,Merfolk,24% - 91%,63%,8
Dimir Frog,Hammer Time,35% - 87%,64%,14
Dimir Frog,Mono Black Necrodominance,36% - 100%,83%,6
Tameshi Belcher,Overall,53% - 58%,55%,1544
Tameshi Belcher,Boros Energy,56% - 69%,62%,221
Tameshi Belcher,Izzet Prowess,37% - 57%,47%,101
Tameshi Belcher,Eldrazi Ramp,59% - 80%,70%,84
Tameshi Belcher,Amulet Titan,55% - 74%,65%,106
Tameshi Belcher,Domain Aggro,37% - 59%,48%,83
Tameshi Belcher,Dimir Frog,46% - 71%,58%,65
Tameshi Belcher,Tameshi Belcher,40% - 60%,50%,106
Tameshi Belcher,Orzhov Blink,34% - 66%,50%,42
Tameshi Belcher,Esper Reanimator,40% - 60%,50%,104
Tameshi Belcher,Esper Blink,27% - 53%,39%,61
Tameshi Belcher,Affinity,32% - 57%,44%,68
Tameshi Belcher,Ruby Storm,49% - 83%,68%,31
Tameshi Belcher,Eldrazi Tron,42% - 71%,57%,51
Tameshi Belcher,Eldrazi Bloodchief Combo,33% - 73%,54%,26
Tameshi Belcher,Azorius Control,43% - 77%,61%,36
Tameshi Belcher,Samwise Combo,19% - 59%,38%,24
Tameshi Belcher,Neoform,56% - 90%,76%,29
Tameshi Belcher,Mill,26% - 74%,50%,18
Tameshi Belcher,Hollow One,3% - 56%,20%,10
Tameshi Belcher,Jeskai Ascendancy,7% - 52%,25%,16
Tameshi Belcher,Grixis Reanimator,21% - 73%,47%,15
Tameshi Belcher,Jeskai Energy Control,39% - 94%,73%,11
Tameshi Belcher,Living End,48% - 98%,82%,11
Tameshi Belcher,Eldrazi Aggro,15% - 72%,42%,12
Tameshi Belcher,Mardu Energy,16% - 84%,50%,8
Tameshi Belcher,Golgari Yawgmoth,36% - 100%,83%,6
Tameshi Belcher,Esper Frog,21% - 86%,56%,9
Tameshi Belcher,Merfolk,12% - 88%,50%,6
Tameshi Belcher,Hammer Time,28% - 99%,80%,5
Tameshi Belcher,Mono Black Necrodominance,19% - 99%,75%,4
Orzhov Blink,Overall,49% - 54%,51%,1353
Orzhov Blink,Boros Energy,43% - 57%,50%,194
Orzhov Blink,Izzet Prowess,35% - 55%,45%,102
Orzhov Blink,Eldrazi Ramp,26% - 43%,34%,124
Orzhov Blink,Amulet Titan,43% - 66%,55%,82
Orzhov Blink,Domain Aggro,48% - 72%,60%,68
Orzhov Blink,Dimir Frog,50% - 71%,61%,92
Orzhov Blink,Tameshi Belcher,34% - 66%,50%,42
Orzhov Blink,Orzhov Blink,38% - 62%,50%,70
Orzhov Blink,Esper Reanimator,28% - 72%,50%,22
Orzhov Blink,Esper Blink,35% - 75%,56%,27
Orzhov Blink,Affinity,34% - 64%,49%,47
Orzhov Blink,Ruby Storm,47% - 79%,64%,39
Orzhov Blink,Eldrazi Tron,16% - 55%,33%,24
Orzhov Blink,Eldrazi Bloodchief Combo,27% - 73%,50%,20
Orzhov Blink,Azorius Control,13% - 57%,32%,19
Orzhov Blink,Samwise Combo,29% - 76%,53%,19
Orzhov Blink,Neoform,15% - 72%,42%,12
Orzhov Blink,Mill,29% - 76%,53%,19
Orzhov Blink,Hollow One,36% - 81%,60%,20
Orzhov Blink,Jeskai Ascendancy,41% - 89%,69%,16
Orzhov Blink,Grixis Reanimator,30% - 93%,67%,9
Orzhov Blink,Jeskai Energy Control,14% - 68%,38%,13
Orzhov Blink,Living End,49% - 95%,79%,14
Orzhov Blink,Eldrazi Aggro,4% - 48%,20%,15
Orzhov Blink,Mardu Energy,27% - 79%,53%,15
Orzhov Blink,Golgari Yawgmoth,52% - 96%,80%,15
Orzhov Blink,Esper Frog,36% - 100%,83%,6
Orzhov Blink,Merfolk,25% - 75%,50%,16
Orzhov Blink,Hammer Time,16% - 84%,50%,8
Orzhov Blink,Mono Black Necrodominance,2% - 100%,100%,1
Esper Reanimator,Overall,52% - 58%,55%,1092
Esper Reanimator,Boros Energy,44% - 62%,53%,134
Esper Reanimator,Izzet Prowess,44% - 70%,58%,59
Esper Reanimator,Eldrazi Ramp,50% - 75%,63%,60
Esper Reanimator,Amulet Titan,52% - 75%,64%,75
Esper Reanimator,Domain Aggro,39% - 63%,51%,71
Esper Reanimator,Dimir Frog,48% - 82%,67%,33
Esper Reanimator,Tameshi Belcher,40% - 60%,50%,104
Esper Reanimator,Orzhov Blink,28% - 72%,50%,22
Esper Reanimator,Esper Reanimator,39% - 61%,50%,88
Esper Reanimator,Esper Blink,41% - 67%,54%,61
Esper Reanimator,Affinity,29% - 60%,44%,43
Esper Reanimator,Ruby Storm,32% - 84%,60%,15
Esper Reanimator,Eldrazi Tron,35% - 65%,50%,46
Esper Reanimator,Eldrazi Bloodchief Combo,14% - 55%,32%,22
Esper Reanimator,Azorius Control,28% - 69%,48%,25
Esper Reanimator,Samwise Combo,12% - 88%,50%,6
Esper Reanimator,Neoform,59% - 92%,79%,28
Esper Reanimator,Mill,16% - 84%,50%,8
Esper Reanimator,Hollow One,18% - 90%,57%,7
Esper Reanimator,Jeskai Ascendancy,22% - 96%,67%,6
Esper Reanimator,Grixis Reanimator,25% - 81%,54%,13
Esper Reanimator,Jeskai Energy Control,42% - 92%,71%,14
Esper Reanimator,Living End,1% - 72%,20%,5
Esper Reanimator,Eldrazi Aggro,21% - 86%,56%,9
Esper Reanimator,Mardu Energy,1% - 91%,33%,3
Esper Reanimator,Golgari Yawgmoth,1% - 91%,33%,3
Esper Reanimator,Esper Frog,12% - 88%,50%,6
Esper Reanimator,Merfolk,9% - 99%,67%,3
Esper Reanimator,Hammer Time,19% - 99%,75%,4
Esper Reanimator,Mono Black Necrodominance,0% - 0%,0%,0
Esper Blink,Overall,47% - 53%,50%,1070
Esper Blink,Boros Energy,44% - 60%,52%,148
Esper Blink,Izzet Prowess,42% - 67%,55%,66
Esper Blink,Eldrazi Ramp,27% - 59%,43%,40
Esper Blink,Amulet Titan,42% - 64%,53%,83
Esper Blink,Domain Aggro,31% - 55%,43%,72
Esper Blink,Dimir Frog,38% - 72%,56%,36
Esper Blink,Tameshi Belcher,47% - 73%,61%,61
Esper Blink,Orzhov Blink,22% - 61%,41%,27
Esper Blink,Esper Reanimator,32% - 58%,44%,61
Esper Blink,Esper Blink,35% - 65%,50%,48
Esper Blink,Affinity,32% - 66%,49%,37
Esper Blink,Ruby Storm,20% - 61%,39%,23
Esper Blink,Eldrazi Tron,31% - 66%,48%,33
Esper Blink,Eldrazi Bloodchief Combo,23% - 63%,42%,26
Esper Blink,Azorius Control,8% - 47%,24%,21
Esper Blink,Samwise Combo,36% - 83%,61%,18
Esper Blink,Neoform,29% - 76%,53%,19
Esper Blink,Mill,12% - 74%,40%,10
Esper Blink,Hollow One,14% - 79%,44%,9
Esper Blink,Jeskai Ascendancy,15% - 95%,60%,5
Esper Blink,Grixis Reanimator,39% - 80%,61%,23
Esper Blink,Jeskai Energy Control,26% - 70%,48%,21
Esper Blink,Living End,19% - 75%,46%,13
Esper Blink,Eldrazi Aggro,29% - 96%,71%,7
Esper Blink,Mardu Energy,18% - 90%,57%,7
Esper Blink,Golgari Yawgmoth,29% - 100%,100%,3
Esper Blink,Esper Frog,24% - 91%,63%,8
Esper Blink,Merfolk,36% - 100%,83%,6
Esper Blink,Hammer Time,36% - 100%,83%,6
Esper Blink,Mono Black Necrodominance,16% - 100%,100%,2
Affinity,Overall,49% - 55%,52%,1049
Affinity,Boros Energy,41% - 57%,49%,156
Affinity,Izzet Prowess,31% - 54%,42%,78
Affinity,Eldrazi Ramp,50% - 75%,63%,60
Affinity,Amulet Titan,40% - 67%,54%,56
Affinity,Domain Aggro,43% - 69%,57%,60
Affinity,Dimir Frog,43% - 75%,60%,40
Affinity,Tameshi Belcher,43% - 68%,56%,68
Affinity,Orzhov Blink,36% - 66%,51%,47
Affinity,Esper Reanimator,40% - 71%,56%,43
Affinity,Esper Blink,34% - 68%,51%,37
Affinity,Affinity,33% - 67%,50%,38
Affinity,Ruby Storm,28% - 72%,50%,22
Affinity,Eldrazi Tron,15% - 57%,33%,21
Affinity,Eldrazi Bloodchief Combo,18% - 67%,41%,17
Affinity,Azorius Control,10% - 53%,28%,18
Affinity,Samwise Combo,12% - 74%,40%,10
Affinity,Neoform,33% - 82%,59%,17
Affinity,Mill,44% - 90%,71%,17
Affinity,Hollow One,10% - 82%,43%,7
Affinity,Jeskai Ascendancy,7% - 65%,30%,10
Affinity,Grixis Reanimator,25% - 75%,50%,16
Affinity,Jeskai Energy Control,24% - 91%,63%,8
Affinity,Living End,26% - 88%,60%,10
Affinity,Eldrazi Aggro,4% - 78%,33%,6
Affinity,Mardu Energy,23% - 83%,55%,11
Affinity,Golgari Yawgmoth,19% - 75%,46%,13
Affinity,Esper Frog,18% - 90%,57%,7
Affinity,Merfolk,16% - 100%,100%,2
Affinity,Hammer Time,9% - 76%,38%,8
Affinity,Mono Black Necrodominance,40% - 100%,100%,4
Ruby Storm,Overall,45% - 52%,49%,956
Ruby Storm,Boros Energy,37% - 54%,46%,145
Ruby Storm,Izzet Prowess,28% - 52%,40%,68
Ruby Storm,Eldrazi Ramp,46% - 72%,60%,62
Ruby Storm,Amulet Titan,58% - 82%,71%,59
Ruby Storm,Domain Aggro,30% - 58%,44%,55
Ruby Storm,Dimir Frog,18% - 40%,28%,75
Ruby Storm,Tameshi Belcher,17% - 51%,32%,31
Ruby Storm,Orzhov Blink,21% - 53%,36%,39
Ruby Storm,Esper Reanimator,16% - 68%,40%,15
Ruby Storm,Esper Blink,39% - 80%,61%,23
Ruby Storm,Affinity,24% - 68%,45%,22
Ruby Storm,Ruby Storm,33% - 67%,50%,38
Ruby Storm,Eldrazi Tron,28% - 77%,53%,17
Ruby Storm,Eldrazi Bloodchief Combo,23% - 72%,47%,17
Ruby Storm,Azorius Control,11% - 50%,27%,22
Ruby Storm,Samwise Combo,23% - 83%,55%,11
Ruby Storm,Neoform,0% - 60%,0%,4
Ruby Storm,Mill,42% - 100%,86%,7
Ruby Storm,Hollow One,15% - 72%,42%,12
Ruby Storm,Jeskai Ascendancy,35% - 90%,67%,12
Ruby Storm,Grixis Reanimator,26% - 88%,60%,10
Ruby Storm,Jeskai Energy Control,14% - 68%,38%,13
Ruby Storm,Living End,18% - 90%,57%,7
Ruby Storm,Eldrazi Aggro,1% - 99%,50%,2
Ruby Storm,Mardu Energy,30% - 93%,67%,9
Ruby Storm,Golgari Yawgmoth,35% - 97%,75%,8
Ruby Storm,Esper Frog,26% - 88%,60%,10
Ruby Storm,Merfolk,5% - 85%,40%,5
Ruby Storm,Hammer Time,4% - 78%,33%,6
Ruby Storm,Mono Black Necrodominance,2% - 100%,100%,1
Eldrazi Tron,Overall,46% - 53%,50%,731
Eldrazi Tron,Boros Energy,41% - 61%,51%,98
Eldrazi Tron,Izzet Prowess,41% - 72%,57%,42
Eldrazi Tron,Eldrazi Ramp,20% - 56%,37%,30
Eldrazi Tron,Amulet Titan,5% - 25%,13%,54
Eldrazi Tron,Domain Aggro,37% - 75%,57%,30
Eldrazi Tron,Dimir Frog,49% - 87%,71%,24
Eldrazi Tron,Tameshi Belcher,29% - 58%,43%,51
Eldrazi Tron,Orzhov Blink,45% - 84%,67%,24
Eldrazi Tron,Esper Reanimator,35% - 65%,50%,46
Eldrazi Tron,Esper Blink,34% - 69%,52%,33
Eldrazi Tron,Affinity,43% - 85%,67%,21
Eldrazi Tron,Ruby Storm,23% - 72%,47%,17
Eldrazi Tron,Eldrazi Tron,30% - 70%,50%,26
Eldrazi Tron,Eldrazi Bloodchief Combo,12% - 62%,33%,15
Eldrazi Tron,Azorius Control,31% - 78%,56%,18
Eldrazi Tron,Samwise Combo,36% - 83%,61%,18
Eldrazi Tron,Neoform,28% - 77%,53%,17
Eldrazi Tron,Mill,44% - 97%,80%,10
Eldrazi Tron,Hollow One,7% - 93%,50%,4
Eldrazi Tron,Jeskai Ascendancy,0% - 71%,0%,3
Eldrazi Tron,Grixis Reanimator,27% - 79%,53%,15
Eldrazi Tron,Jeskai Energy Control,4% - 78%,33%,6
Eldrazi Tron,Living End,10% - 82%,43%,7
Eldrazi Tron,Eldrazi Aggro,1% - 91%,33%,3
Eldrazi Tron,Mardu Energy,19% - 99%,75%,4
Eldrazi Tron,Golgari Yawgmoth,16% - 100%,100%,2
Eldrazi Tron,Esper Frog,10% - 82%,43%,7
Eldrazi Tron,Merfolk,1% - 72%,20%,5
Eldrazi Tron,Hammer Time,12% - 88%,50%,6
Eldrazi Tron,Mono Black Necrodominance,2% - 100%,100%,1
Eldrazi Bloodchief Combo,Overall,50% - 58%,54%,726
Eldrazi Bloodchief Combo,Boros Energy,45% - 64%,55%,113
Eldrazi Bloodchief Combo,Izzet Prowess,43% - 72%,58%,48
Eldrazi Bloodchief Combo,Eldrazi Ramp,53% - 83%,70%,40
Eldrazi Bloodchief Combo,Amulet Titan,34% - 64%,49%,47
Eldrazi Bloodchief Combo,Domain Aggro,30% - 61%,45%,44
Eldrazi Bloodchief Combo,Dimir Frog,41% - 83%,64%,22
Eldrazi Bloodchief Combo,Tameshi Belcher,27% - 67%,46%,26
Eldrazi Bloodchief Combo,Orzhov Blink,27% - 73%,50%,20
Eldrazi Bloodchief Combo,Esper Reanimator,45% - 86%,68%,22
Eldrazi Bloodchief Combo,Esper Blink,33% - 73%,54%,26
Eldrazi Bloodchief Combo,Affinity,33% - 82%,59%,17
Eldrazi Bloodchief Combo,Ruby Storm,28% - 77%,53%,17
Eldrazi Bloodchief Combo,Eldrazi Tron,38% - 88%,67%,15
Eldrazi Bloodchief Combo,Eldrazi Bloodchief Combo,27% - 73%,50%,20
Eldrazi Bloodchief Combo,Azorius Control,23% - 83%,55%,11
Eldrazi Bloodchief Combo,Samwise Combo,2% - 52%,18%,11
Eldrazi Bloodchief Combo,Neoform,17% - 77%,45%,11
Eldrazi Bloodchief Combo,Mill,10% - 82%,43%,7
Eldrazi Bloodchief Combo,Hollow One,15% - 95%,60%,5
Eldrazi Bloodchief Combo,Jeskai Ascendancy,12% - 74%,40%,10
Eldrazi Bloodchief Combo,Grixis Reanimator,23% - 77%,50%,14
Eldrazi Bloodchief Combo,Jeskai Energy Control,0% - 60%,0%,4
Eldrazi Bloodchief Combo,Living End,49% - 95%,79%,14
Eldrazi Bloodchief Combo,Eldrazi Aggro,21% - 86%,56%,9
Eldrazi Bloodchief Combo,Mardu Energy,12% - 88%,50%,6
Eldrazi Bloodchief Combo,Golgari Yawgmoth,12% - 88%,50%,6
Eldrazi Bloodchief Combo,Esper Frog,19% - 99%,75%,4
Eldrazi Bloodchief Combo,Merfolk,1% - 91%,33%,3
Eldrazi Bloodchief Combo,Hammer Time,7% - 93%,50%,4
Eldrazi Bloodchief Combo,Mono Black Necrodominance,19% - 99%,75%,4
Azorius Control,Overall,46% - 54%,50%,678
Azorius Control,Boros Energy,30% - 49%,39%,110
Azorius Control,Izzet Prowess,28% - 59%,43%,42
Azorius Control,Eldrazi Ramp,30% - 61%,45%,44
Azorius Control,Amulet Titan,50% - 79%,65%,46
Azorius Control,Domain Aggro,23% - 66%,43%,23
Azorius Control,Dimir Frog,27% - 62%,44%,34
Azorius Control,Tameshi Belcher,23% - 57%,39%,36
Azorius Control,Orzhov Blink,43% - 87%,68%,19
Azorius Control,Esper Reanimator,31% - 72%,52%,25
Azorius Control,Esper Blink,48% - 89%,71%,21
Azorius Control,Affinity,47% - 90%,72%,18
Azorius Control,Ruby Storm,50% - 89%,73%,22
Azorius Control,Eldrazi Tron,22% - 69%,44%,18
Azorius Control,Eldrazi Bloodchief Combo,17% - 77%,45%,11
Azorius Control,Azorius Control,29% - 71%,50%,24
Azorius Control,Samwise Combo,20% - 70%,44%,16
Azorius Control,Neoform,32% - 86%,62%,13
Azorius Control,Mill,0% - 64%,17%,6
Azorius Control,Hollow One,19% - 81%,50%,10
Azorius Control,Jeskai Ascendancy,9% - 76%,38%,8
Azorius Control,Grixis Reanimator,22% - 96%,67%,6
Azorius Control,Jeskai Energy Control,12% - 88%,50%,6
Azorius Control,Living End,5% - 85%,40%,5
Azorius Control,Eldrazi Aggro,18% - 90%,57%,7
Azorius Control,Mardu Energy,4% - 78%,33%,6
Azorius Control,Golgari Yawgmoth,1% - 72%,20%,5
Azorius Control,Esper Frog,26% - 88%,60%,10
Azorius Control,Merfolk,0% - 84%,0%,2
Azorius Control,Hammer Time,28% - 99%,80%,5
Azorius Control,Mono Black Necrodominance,2% - 100%,100%,1
Samwise Combo,Overall,45% - 54%,50%,522
Samwise Combo,Boros Energy,31% - 54%,42%,74
Samwise Combo,Izzet Prowess,25% - 58%,41%,37
Samwise Combo,Eldrazi Ramp,49% - 85%,69%,29
Samwise Combo,Amulet Titan,44% - 74%,60%,45
Samwise Combo,Domain Aggro,20% - 61%,39%,23
Samwise Combo,Dimir Frog,23% - 66%,43%,23
Samwise Combo,Tameshi Belcher,41% - 81%,63%,24
Samwise Combo,Orzhov Blink,24% - 71%,47%,19
Samwise Combo,Esper Reanimator,12% - 88%,50%,6
Samwise Combo,Esper Blink,17% - 64%,39%,18
Samwise Combo,Affinity,26% - 88%,60%,10
Samwise Combo,Ruby Storm,17% - 77%,45%,11
Samwise Combo,Eldrazi Tron,17% - 64%,39%,18
Samwise Combo,Eldrazi Bloodchief Combo,48% - 98%,82%,11
Samwise Combo,Azorius Control,30% - 80%,56%,16
Samwise Combo,Samwise Combo,19% - 81%,50%,10
Samwise Combo,Neoform,7% - 93%,50%,4
Samwise Combo,Mill,9% - 99%,67%,3
Samwise Combo,Hollow One,28% - 99%,80%,5
Samwise Combo,Jeskai Ascendancy,1% - 72%,20%,5
Samwise Combo,Grixis Reanimator,12% - 88%,50%,6
Samwise Combo,Jeskai Energy Control,0% - 52%,0%,5
Samwise Combo,Living End,5% - 85%,40%,5
Samwise Combo,Eldrazi Aggro,0% - 64%,17%,6
Samwise Combo,Mardu Energy,19% - 99%,75%,4
Samwise Combo,Golgari Yawgmoth,5% - 85%,40%,5
Samwise Combo,Esper Frog,1% - 99%,50%,2
Samwise Combo,Merfolk,1% - 81%,25%,4
Samwise Combo,Hammer Time,0% - 98%,0%,1
Samwise Combo,Mono Black Necrodominance,1% - 99%,50%,2
Neoform,Overall,43% - 53%,48%,479
Neoform,Boros Energy,48% - 72%,61%,69
Neoform,Izzet Prowess,30% - 67%,48%,31
Neoform,Eldrazi Ramp,48% - 89%,71%,21
Neoform,Amulet Titan,36% - 79%,59%,22
Neoform,Domain Aggro,29% - 68%,48%,27
Neoform,Dimir Frog,0% - 41%,9%,11
Neoform,Tameshi Belcher,10% - 44%,24%,29
Neoform,Orzhov Blink,28% - 85%,58%,12
Neoform,Esper Reanimator,8% - 41%,21%,28
Neoform,Esper Blink,24% - 71%,47%,19
Neoform,Affinity,18% - 67%,41%,17
Neoform,Ruby Storm,40% - 100%,100%,4
Neoform,Eldrazi Tron,23% - 72%,47%,17
Neoform,Eldrazi Bloodchief Combo,23% - 83%,55%,11
Neoform,Azorius Control,14% - 68%,38%,13
Neoform,Samwise Combo,7% - 93%,50%,4
Neoform,Neoform,31% - 69%,50%,30
Neoform,Mill,4% - 78%,33%,6
Neoform,Hollow One,21% - 86%,56%,9
Neoform,Jeskai Ascendancy,2% - 100%,100%,1
Neoform,Grixis Reanimator,9% - 99%,67%,3
Neoform,Jeskai Energy Control,0% - 46%,0%,6
Neoform,Living End,1% - 91%,33%,3
Neoform,Eldrazi Aggro,7% - 93%,50%,4
Neoform,Mardu Energy,7% - 93%,50%,4
Neoform,Golgari Yawgmoth,16% - 100%,100%,2
Neoform,Esper Frog,0% - 84%,0%,2
Neoform,Merfolk,1% - 91%,33%,3
Neoform,Hammer Time,1% - 99%,50%,2
Neoform,Mono Black Necrodominance,1% - 99%,50%,2
Mill,Overall,34% - 44%,39%,440
Mill,Boros Energy,14% - 35%,23%,65
Mill,Izzet Prowess,9% - 44%,23%,26
Mill,Eldrazi Ramp,38% - 73%,56%,34
Mill,Amulet Titan,28% - 72%,50%,22
Mill,Domain Aggro,24% - 63%,43%,28
Mill,Dimir Frog,12% - 49%,28%,25
Mill,Tameshi Belcher,26% - 74%,50%,18
Mill,Orzhov Blink,24% - 71%,47%,19
Mill,Esper Reanimator,16% - 84%,50%,8
Mill,Esper Blink,26% - 88%,60%,10
Mill,Affinity,10% - 56%,29%,17
Mill,Ruby Storm,0% - 58%,14%,7
Mill,Eldrazi Tron,3% - 56%,20%,10
Mill,Eldrazi Bloodchief Combo,18% - 90%,57%,7
Mill,Azorius Control,36% - 100%,83%,6
Mill,Samwise Combo,1% - 91%,33%,3
Mill,Neoform,22% - 96%,67%,6
Mill,Mill,12% - 88%,50%,6
Mill,Hollow One,0% - 64%,17%,6
Mill,Jeskai Ascendancy,19% - 99%,75%,4
Mill,Grixis Reanimator,0% - 46%,0%,6
Mill,Jeskai Energy Control,5% - 85%,40%,5
Mill,Living End,1% - 91%,33%,3
Mill,Eldrazi Aggro,4% - 78%,33%,6
Mill,Mardu Energy,0% - 84%,0%,2
Mill,Golgari Yawgmoth,5% - 85%,40%,5
Mill,Esper Frog,19% - 99%,75%,4
Mill,Merfolk,0% - 53%,13%,8
Mill,Hammer Time,1% - 99%,50%,2
Mill,Mono Black Necrodominance,1% - 99%,50%,2
Hollow One,Overall,40% - 50%,45%,411
Hollow One,Boros Energy,13% - 35%,23%,61
Hollow One,Izzet Prowess,25% - 63%,43%,30
Hollow One,Eldrazi Ramp,34% - 66%,50%,40
Hollow One,Amulet Titan,24% - 59%,41%,32
Hollow One,Domain Aggro,31% - 78%,56%,18
Hollow One,Dimir Frog,18% - 57%,36%,25
Hollow One,Tameshi Belcher,44% - 97%,80%,10
Hollow One,Orzhov Blink,19% - 64%,40%,20
Hollow One,Esper Reanimator,10% - 82%,43%,7
Hollow One,Esper Blink,21% - 86%,56%,9
Hollow One,Affinity,18% - 90%,57%,7
Hollow One,Ruby Storm,28% - 85%,58%,12
Hollow One,Eldrazi Tron,7% - 93%,50%,4
Hollow One,Eldrazi Bloodchief Combo,5% - 85%,40%,5
Hollow One,Azorius Control,19% - 81%,50%,10
Hollow One,Samwise Combo,1% - 72%,20%,5
Hollow One,Neoform,14% - 79%,44%,9
Hollow One,Mill,36% - 100%,83%,6
Hollow One,Hollow One,16% - 84%,50%,8
Hollow One,Jeskai Ascendancy,5% - 85%,40%,5
Hollow One,Grixis Reanimator,0% - 84%,0%,2
Hollow One,Jeskai Energy Control,40% - 100%,100%,4
Hollow One,Living End,1% - 91%,33%,3
Hollow One,Eldrazi Aggro,2% - 100%,100%,1
Hollow One,Mardu Energy,29% - 100%,100%,3
Hollow One,Golgari Yawgmoth,1% - 81%,25%,4
Hollow One,Esper Frog,0% - 98%,0%,1
Hollow One,Merfolk,5% - 85%,40%,5
Hollow One,Hammer Time,0% - 84%,0%,2
Hollow One,Mono Black Necrodominance,0% - 98%,0%,1
Jeskai Ascendancy,Overall,45% - 54%,50%,404
Jeskai Ascendancy,Boros Energy,26% - 51%,38%,66
Jeskai Ascendancy,Izzet Prowess,30% - 65%,47%,34
Jeskai Ascendancy,Eldrazi Ramp,45% - 81%,65%,31
Jeskai Ascendancy,Amulet Titan,25% - 59%,41%,34
Jeskai Ascendancy,Domain Aggro,22% - 66%,43%,21
Jeskai Ascendancy,Dimir Frog,18% - 71%,43%,14
Jeskai Ascendancy,Tameshi Belcher,48% - 93%,75%,16
Jeskai Ascendancy,Orzhov Blink,11% - 59%,31%,16
Jeskai Ascendancy,Esper Reanimator,4% - 78%,33%,6
Jeskai Ascendancy,Esper Blink,5% - 85%,40%,5
Jeskai Ascendancy,Affinity,35% - 93%,70%,10
Jeskai Ascendancy,Ruby Storm,10% - 65%,33%,12
Jeskai Ascendancy,Eldrazi Tron,29% - 100%,100%,3
Jeskai Ascendancy,Eldrazi Bloodchief Combo,26% - 88%,60%,10
Jeskai Ascendancy,Azorius Control,24% - 91%,63%,8
Jeskai Ascendancy,Samwise Combo,28% - 99%,80%,5
Jeskai Ascendancy,Neoform,0% - 98%,0%,1
Jeskai Ascendancy,Mill,1% - 81%,25%,4
Jeskai Ascendancy,Hollow One,15% - 95%,60%,5
Jeskai Ascendancy,Jeskai Ascendancy,21% - 79%,50%,12
Jeskai Ascendancy,Grixis Reanimator,4% - 78%,33%,6
Jeskai Ascendancy,Jeskai Energy Control,19% - 99%,75%,4
Jeskai Ascendancy,Living End,7% - 93%,50%,4
Jeskai Ascendancy,Eldrazi Aggro,2% - 100%,100%,1
Jeskai Ascendancy,Mardu Energy,5% - 85%,40%,5
Jeskai Ascendancy,Golgari Yawgmoth,19% - 99%,75%,4
Jeskai Ascendancy,Esper Frog,7% - 93%,50%,4
Jeskai Ascendancy,Merfolk,0% - 98%,0%,1
Jeskai Ascendancy,Hammer Time,0% - 0%,0%,0
Jeskai Ascendancy,Mono Black Necrodominance,0% - 0%,0%,0
Grixis Reanimator,Overall,43% - 53%,48%,403
Grixis Reanimator,Boros Energy,31% - 59%,44%,54
Grixis Reanimator,Izzet Prowess,31% - 72%,52%,25
Grixis Reanimator,Eldrazi Ramp,51% - 91%,75%,20
Grixis Reanimator,Amulet Titan,23% - 57%,39%,36
Grixis Reanimator,Domain Aggro,30% - 80%,56%,16
Grixis Reanimator,Dimir Frog,7% - 65%,30%,10
Grixis Reanimator,Tameshi Belcher,27% - 79%,53%,15
Grixis Reanimator,Orzhov Blink,7% - 70%,33%,9
Grixis Reanimator,Esper Reanimator,19% - 75%,46%,13
Grixis Reanimator,Esper Blink,20% - 61%,39%,23
Grixis Reanimator,Affinity,25% - 75%,50%,16
Grixis Reanimator,Ruby Storm,12% - 74%,40%,10
Grixis Reanimator,Eldrazi Tron,21% - 73%,47%,15
Grixis Reanimator,Eldrazi Bloodchief Combo,23% - 77%,50%,14
Grixis Reanimator,Azorius Control,4% - 78%,33%,6
Grixis Reanimator,Samwise Combo,12% - 88%,50%,6
Grixis Reanimator,Neoform,1% - 91%,33%,3
Grixis Reanimator,Mill,54% - 100%,100%,6
Grixis Reanimator,Hollow One,16% - 100%,100%,2
Grixis Reanimator,Jeskai Ascendancy,27% - 73%,50%,20
Grixis Reanimator,Grixis Reanimator,14% - 79%,44%,9
Grixis Reanimator,Jeskai Energy Control,5% - 85%,40%,5
Grixis Reanimator,Living End,29% - 100%,100%,3
Grixis Reanimator,Eldrazi Aggro,40% - 100%,100%,4
Grixis Reanimator,Mardu Energy,2% - 100%,100%,1
Grixis Reanimator,Golgari Yawgmoth,1% - 99%,50%,2
Grixis Reanimator,Esper Frog,0% - 98%,0%,1
Grixis Reanimator,Merfolk,1% - 81%,25%,4
Grixis Reanimator,Hammer Time,0% - 0%,0%,0
Grixis Reanimator,Mono Black Necrodominance,0% - 0%,0%,0
Jeskai Energy Control,Overall,45% - 55%,50%,402
Jeskai Energy Control,Boros Energy,39% - 65%,52%,61
Jeskai Energy Control,Izzet Prowess,44% - 79%,63%,32
Jeskai Energy Control,Eldrazi Ramp,11% - 45%,25%,28
Jeskai Energy Control,Amulet Titan,44% - 83%,65%,26
Jeskai Energy Control,Domain Aggro,31% - 72%,52%,25
Jeskai Energy Control,Dimir Frog,16% - 57%,35%,23
Jeskai Energy Control,Tameshi Belcher,6% - 61%,27%,11
Jeskai Energy Control,Orzhov Blink,32% - 86%,62%,13
Jeskai Energy Control,Esper Reanimator,8% - 58%,29%,14
Jeskai Energy Control,Esper Blink,26% - 70%,48%,21
Jeskai Energy Control,Affinity,9% - 76%,38%,8
Jeskai Energy Control,Ruby Storm,32% - 86%,62%,13
Jeskai Energy Control,Eldrazi Tron,22% - 96%,67%,6
Jeskai Energy Control,Eldrazi Bloodchief Combo,40% - 100%,100%,4
Jeskai Energy Control,Azorius Control,0% - 64%,17%,6
Jeskai Energy Control,Samwise Combo,48% - 100%,100%,5
Jeskai Energy Control,Neoform,54% - 100%,100%,6
Jeskai Energy Control,Mill,15% - 95%,60%,5
Jeskai Energy Control,Hollow One,0% - 60%,0%,4
Jeskai Energy Control,Jeskai Ascendancy,22% - 96%,67%,6
Jeskai Energy Control,Grixis Reanimator,21% - 86%,56%,9
Jeskai Energy Control,Jeskai Energy Control,1% - 91%,33%,3
Jeskai Energy Control,Living End,0% - 52%,0%,5
Jeskai Energy Control,Eldrazi Aggro,2% - 100%,100%,1
Jeskai Energy Control,Mardu Energy,1% - 72%,20%,5
Jeskai Energy Control,Golgari Yawgmoth,19% - 99%,75%,4
Jeskai Energy Control,Esper Frog,0% - 98%,0%,1
Jeskai Energy Control,Merfolk,1% - 99%,50%,2
Jeskai Energy Control,Hammer Time,0% - 0%,0%,0
Jeskai Energy Control,Mono Black Necrodominance,0% - 0%,0%,0
Living End,Overall,45% - 56%,51%,363
Living End,Boros Energy,35% - 62%,48%,60
Living End,Izzet Prowess,27% - 73%,50%,20
Living End,Eldrazi Ramp,53% - 90%,75%,24
Living End,Amulet Titan,51% - 88%,72%,25
Living End,Domain Aggro,20% - 70%,44%,16
Living End,Dimir Frog,41% - 87%,67%,18
Living End,Tameshi Belcher,2% - 52%,18%,11
Living End,Orzhov Blink,5% - 51%,21%,14
Living End,Esper Reanimator,28% - 99%,80%,5
Living End,Esper Blink,19% - 75%,46%,13
Living End,Affinity,12% - 74%,40%,10
Living End,Ruby Storm,10% - 82%,43%,7
Living End,Eldrazi Tron,18% - 90%,57%,7
Living End,Eldrazi Bloodchief Combo,5% - 51%,21%,14
Living End,Azorius Control,15% - 95%,60%,5
Living End,Samwise Combo,5% - 85%,40%,5
Living End,Neoform,9% - 99%,67%,3
Living End,Mill,1% - 91%,33%,3
Living End,Hollow One,9% - 99%,67%,3
Living End,Jeskai Ascendancy,1% - 81%,25%,4
Living End,Grixis Reanimator,15% - 95%,60%,5
Living End,Jeskai Energy Control,9% - 99%,67%,3
Living End,Living End,7% - 93%,50%,4
Living End,Eldrazi Aggro,1% - 72%,20%,5
Living End,Mardu Energy,0% - 84%,0%,2
Living End,Golgari Yawgmoth,2% - 100%,100%,1
Living End,Esper Frog,1% - 81%,25%,4
Living End,Merfolk,2% - 100%,100%,1
Living End,Hammer Time,0% - 0%,0%,0
Living End,Mono Black Necrodominance,0% - 0%,0%,0
Eldrazi Aggro,Overall,47% - 58%,52%,327
Eldrazi Aggro,Boros Energy,25% - 53%,38%,52
Eldrazi Aggro,Izzet Prowess,49% - 85%,69%,29
Eldrazi Aggro,Eldrazi Ramp,22% - 66%,43%,21
Eldrazi Aggro,Amulet Titan,8% - 45%,23%,22
Eldrazi Aggro,Domain Aggro,21% - 73%,47%,15
Eldrazi Aggro,Dimir Frog,23% - 77%,50%,14
Eldrazi Aggro,Tameshi Belcher,21% - 79%,50%,12
Eldrazi Aggro,Orzhov Blink,52% - 96%,80%,15
Eldrazi Aggro,Esper Reanimator,7% - 70%,33%,9
Eldrazi Aggro,Esper Blink,4% - 71%,29%,7
Eldrazi Aggro,Affinity,22% - 96%,67%,6
Eldrazi Aggro,Ruby Storm,1% - 99%,50%,2
Eldrazi Aggro,Eldrazi Tron,9% - 99%,67%,3
Eldrazi Aggro,Eldrazi Bloodchief Combo,14% - 79%,44%,9
Eldrazi Aggro,Azorius Control,4% - 71%,29%,7
Eldrazi Aggro,Samwise Combo,36% - 100%,83%,6
Eldrazi Aggro,Neoform,7% - 93%,50%,4
Eldrazi Aggro,Mill,22% - 96%,67%,6
Eldrazi Aggro,Hollow One,0% - 98%,0%,1
Eldrazi Aggro,Jeskai Ascendancy,7% - 93%,50%,4
Eldrazi Aggro,Grixis Reanimator,0% - 71%,0%,3
Eldrazi Aggro,Jeskai Energy Control,48% - 100%,100%,5
Eldrazi Aggro,Living End,28% - 99%,80%,5
Eldrazi Aggro,Eldrazi Aggro,1% - 99%,50%,2
Eldrazi Aggro,Mardu Energy,19% - 99%,75%,4
Eldrazi Aggro,Golgari Yawgmoth,2% - 100%,100%,1
Eldrazi Aggro,Esper Frog,0% - 71%,0%,3
Eldrazi Aggro,Merfolk,40% - 100%,100%,4
Eldrazi Aggro,Hammer Time,29% - 100%,100%,3
Eldrazi Aggro,Mono Black Necrodominance,2% - 100%,100%,1
Mardu Energy,Overall,43% - 55%,49%,269
Mardu Energy,Boros Energy,7% - 37%,19%,31
Mardu Energy,Izzet Prowess,26% - 74%,50%,18
Mardu Energy,Eldrazi Ramp,41% - 85%,65%,20
Mardu Energy,Amulet Titan,21% - 86%,56%,9
Mardu Energy,Domain Aggro,36% - 74%,55%,29
Mardu Energy,Dimir Frog,38% - 84%,63%,19
Mardu Energy,Tameshi Belcher,16% - 84%,50%,8
Mardu Energy,Orzhov Blink,21% - 73%,47%,15
Mardu Energy,Esper Reanimator,9% - 99%,67%,3
Mardu Energy,Esper Blink,10% - 82%,43%,7
Mardu Energy,Affinity,17% - 77%,45%,11
Mardu Energy,Ruby Storm,7% - 70%,33%,9
Mardu Energy,Eldrazi Tron,1% - 81%,25%,4
Mardu Energy,Eldrazi Bloodchief Combo,12% - 88%,50%,6
Mardu Energy,Azorius Control,22% - 96%,67%,6
Mardu Energy,Samwise Combo,1% - 81%,25%,4
Mardu Energy,Neoform,7% - 93%,50%,4
Mardu Energy,Mill,16% - 100%,100%,2
Mardu Energy,Hollow One,0% - 71%,0%,3
Mardu Energy,Jeskai Ascendancy,0% - 60%,0%,4
Mardu Energy,Grixis Reanimator,1% - 81%,25%,4
Mardu Energy,Jeskai Energy Control,1% - 99%,50%,2
Mardu Energy,Living End,5% - 85%,40%,5
Mardu Energy,Eldrazi Aggro,2% - 100%,100%,1
Mardu Energy,Mardu Energy,2% - 100%,100%,1
Mardu Energy,Golgari Yawgmoth,0% - 84%,0%,2
Mardu Energy,Esper Frog,0% - 0%,0%,0
Mardu Energy,Merfolk,0% - 0%,0%,0
Mardu Energy,Hammer Time,0% - 0%,0%,0
Mardu Energy,Mono Black Necrodominance,0% - 0%,0%,0
Golgari Yawgmoth,Overall,37% - 50%,44%,248
Golgari Yawgmoth,Boros Energy,25% - 59%,41%,34
Golgari Yawgmoth,Izzet Prowess,30% - 80%,56%,16
Golgari Yawgmoth,Eldrazi Ramp,33% - 74%,54%,24
Golgari Yawgmoth,Amulet Titan,4% - 48%,20%,15
Golgari Yawgmoth,Domain Aggro,15% - 72%,42%,12
Golgari Yawgmoth,Dimir Frog,4% - 71%,29%,7
Golgari Yawgmoth,Tameshi Belcher,0% - 64%,17%,6
Golgari Yawgmoth,Orzhov Blink,4% - 48%,20%,15
Golgari Yawgmoth,Esper Reanimator,9% - 99%,67%,3
Golgari Yawgmoth,Esper Blink,0% - 71%,0%,3
Golgari Yawgmoth,Affinity,25% - 81%,54%,13
Golgari Yawgmoth,Ruby Storm,3% - 65%,25%,8
Golgari Yawgmoth,Eldrazi Tron,0% - 84%,0%,2
Golgari Yawgmoth,Eldrazi Bloodchief Combo,12% - 88%,50%,6
Golgari Yawgmoth,Azorius Control,28% - 99%,80%,5
Golgari Yawgmoth,Samwise Combo,15% - 95%,60%,5
Golgari Yawgmoth,Neoform,0% - 84%,0%,2
Golgari Yawgmoth,Mill,15% - 95%,60%,5
Golgari Yawgmoth,Hollow One,19% - 99%,75%,4
Golgari Yawgmoth,Jeskai Ascendancy,0% - 98%,0%,1
Golgari Yawgmoth,Grixis Reanimator,0% - 98%,0%,1
Golgari Yawgmoth,Jeskai Energy Control,16% - 100%,100%,2
Golgari Yawgmoth,Living End,0% - 98%,0%,1
Golgari Yawgmoth,Eldrazi Aggro,15% - 95%,60%,5
Golgari Yawgmoth,Mardu Energy,12% - 88%,50%,6
Golgari Yawgmoth,Golgari Yawgmoth,1% - 91%,33%,3
Golgari Yawgmoth,Esper Frog,0% - 84%,0%,2
Golgari Yawgmoth,Merfolk,0% - 98%,0%,1
Golgari Yawgmoth,Hammer Time,0% - 0%,0%,0
Golgari Yawgmoth,Mono Black Necrodominance,0% - 0%,0%,0
Esper Frog,Overall,43% - 56%,50%,224
Esper Frog,Boros Energy,23% - 63%,42%,26
Esper Frog,Izzet Prowess,16% - 84%,50%,8
Esper Frog,Eldrazi Ramp,9% - 61%,31%,13
Esper Frog,Amulet Titan,18% - 71%,43%,14
Esper Frog,Domain Aggro,25% - 75%,50%,16
Esper Frog,Dimir Frog,26% - 88%,60%,10
Esper Frog,Tameshi Belcher,14% - 79%,44%,9
Esper Frog,Orzhov Blink,0% - 64%,17%,6
Esper Frog,Esper Reanimator,12% - 88%,50%,6
Esper Frog,Esper Blink,9% - 76%,38%,8
Esper Frog,Affinity,10% - 82%,43%,7
Esper Frog,Ruby Storm,12% - 74%,40%,10
Esper Frog,Eldrazi Tron,18% - 90%,57%,7
Esper Frog,Eldrazi Bloodchief Combo,1% - 81%,25%,4
Esper Frog,Azorius Control,12% - 74%,40%,10
Esper Frog,Samwise Combo,1% - 99%,50%,2
Esper Frog,Neoform,16% - 100%,100%,2
Esper Frog,Mill,1% - 81%,25%,4
Esper Frog,Hollow One,2% - 100%,100%,1
Esper Frog,Jeskai Ascendancy,15% - 95%,60%,5
Esper Frog,Grixis Reanimator,0% - 98%,0%,1
Esper Frog,Jeskai Energy Control,28% - 99%,80%,5
Esper Frog,Living End,0% - 98%,0%,1
Esper Frog,Eldrazi Aggro,29% - 100%,100%,3
Esper Frog,Mardu Energy,0% - 98%,0%,1
Esper Frog,Golgari Yawgmoth,9% - 99%,67%,3
Esper Frog,Esper Frog,2% - 100%,100%,1
Esper Frog,Merfolk,2% - 100%,100%,1
Esper Frog,Hammer Time,0% - 98%,0%,1
Esper Frog,Mono Black Necrodominance,0% - 0%,0%,0
Merfolk,Overall,39% - 53%,46%,222
Merfolk,Boros Energy,12% - 46%,27%,30
Merfolk,Izzet Prowess,10% - 56%,29%,17
Merfolk,Eldrazi Ramp,16% - 62%,37%,19
Merfolk,Amulet Titan,41% - 89%,69%,16
Merfolk,Domain Aggro,12% - 74%,40%,10
Merfolk,Dimir Frog,9% - 76%,38%,8
Merfolk,Tameshi Belcher,12% - 88%,50%,6
Merfolk,Orzhov Blink,25% - 75%,50%,16
Merfolk,Esper Reanimator,1% - 91%,33%,3
Merfolk,Esper Blink,0% - 64%,17%,6
Merfolk,Affinity,0% - 84%,0%,2
Merfolk,Ruby Storm,15% - 95%,60%,5
Merfolk,Eldrazi Tron,28% - 99%,80%,5
Merfolk,Eldrazi Bloodchief Combo,9% - 99%,67%,3
Merfolk,Azorius Control,1% - 99%,50%,2
Merfolk,Samwise Combo,19% - 99%,75%,4
Merfolk,Neoform,9% - 99%,67%,3
Merfolk,Mill,47% - 100%,88%,8
Merfolk,Hollow One,15% - 95%,60%,5
Merfolk,Jeskai Ascendancy,1% - 81%,25%,4
Merfolk,Grixis Reanimator,1% - 99%,50%,2
Merfolk,Jeskai Energy Control,1% - 81%,25%,4
Merfolk,Living End,19% - 99%,75%,4
Merfolk,Eldrazi Aggro,0% - 60%,0%,4
Merfolk,Mardu Energy,0% - 98%,0%,1
Merfolk,Golgari Yawgmoth,16% - 100%,100%,2
Merfolk,Esper Frog,0% - 98%,0%,1
Merfolk,Merfolk,1% - 99%,50%,2
Merfolk,Hammer Time,1% - 99%,50%,2
Merfolk,Mono Black Necrodominance,2% - 100%,100%,1
Hammer Time,Overall,49% - 64%,57%,194
Hammer Time,Boros Energy,35% - 68%,51%,39
Hammer Time,Izzet Prowess,31% - 78%,56%,18
Hammer Time,Eldrazi Ramp,21% - 79%,50%,12
Hammer Time,Amulet Titan,11% - 69%,36%,11
Hammer Time,Domain Aggro,23% - 83%,55%,11
Hammer Time,Dimir Frog,21% - 86%,56%,9
Hammer Time,Tameshi Belcher,18% - 90%,57%,7
Hammer Time,Orzhov Blink,5% - 85%,40%,5
Hammer Time,Esper Reanimator,0% - 71%,0%,3
Hammer Time,Esper Blink,7% - 93%,50%,4
Hammer Time,Affinity,19% - 99%,75%,4
Hammer Time,Ruby Storm,19% - 81%,50%,10
Hammer Time,Eldrazi Tron,47% - 100%,88%,8
Hammer Time,Eldrazi Bloodchief Combo,29% - 100%,100%,3
Hammer Time,Azorius Control,9% - 99%,67%,3
Hammer Time,Samwise Combo,0% - 98%,0%,1
Hammer Time,Neoform,1% - 99%,50%,2
Hammer Time,Mill,29% - 100%,100%,3
Hammer Time,Hollow One,0% - 84%,0%,2
Hammer Time,Jeskai Ascendancy,1% - 91%,33%,3
Hammer Time,Grixis Reanimator,16% - 100%,100%,2
Hammer Time,Jeskai Energy Control,16% - 100%,100%,2
Hammer Time,Living End,15% - 95%,60%,5
Hammer Time,Eldrazi Aggro,0% - 98%,0%,1
Hammer Time,Mardu Energy,0% - 0%,0%,0
Hammer Time,Golgari Yawgmoth,0% - 0%,0%,0
Hammer Time,Esper Frog,0% - 0%,0%,0
Hammer Time,Merfolk,0% - 0%,0%,0
Hammer Time,Hammer Time,0% - 0%,0%,0
Hammer Time,Mono Black Necrodominance,0% - 0%,0%,0
Burn,Overall,29% - 43%,36%,193
Burn,Boros Energy,9% - 42%,22%,27
Burn,Izzet Prowess,7% - 65%,30%,10
Burn,Eldrazi Ramp,23% - 72%,47%,17
Burn,Amulet Titan,8% - 58%,29%,14
Burn,Domain Aggro,7% - 52%,25%,16
Burn,Dimir Frog,35% - 87%,64%,14
Burn,Tameshi Belcher,1% - 91%,33%,3
Burn,Orzhov Blink,10% - 82%,43%,7
Burn,Esper Reanimator,1% - 99%,50%,2
Burn,Esper Blink,0% - 64%,17%,6
Burn,Affinity,7% - 65%,30%,10
Burn,Ruby Storm,0% - 60%,0%,4
Burn,Eldrazi Tron,0% - 64%,17%,6
Burn,Eldrazi Bloodchief Combo,2% - 100%,100%,1
Burn,Azorius Control,28% - 99%,80%,5
Burn,Samwise Combo,12% - 88%,50%,6
Burn,Neoform,9% - 99%,67%,3
Burn,Mill,2% - 100%,100%,1
Burn,Hollow One,0% - 60%,0%,4
Burn,Jeskai Ascendancy,0% - 84%,0%,2
Burn,Grixis Reanimator,1% - 99%,50%,2
Burn,Jeskai Energy Control,0% - 71%,0%,3
Burn,Living End,0% - 98%,0%,1
Burn,Eldrazi Aggro,2% - 100%,100%,1
Burn,Mardu Energy,0% - 71%,0%,3
Burn,Golgari Yawgmoth,0% - 0%,0%,0
Burn,Esper Frog,0% - 0%,0%,0
Burn,Merfolk,0% - 0%,0%,0
Burn,Hammer Time,0% - 0%,0%,0
Burn,Mono Black Necrodominance,0% - 0%,0%,0
Hammer Time,Overall,40% - 54%,47%,191
Hammer Time,Boros Energy,33% - 74%,54%,24
Hammer Time,Izzet Prowess,39% - 91%,69%,13
Hammer Time,Eldrazi Ramp,21% - 79%,50%,12
Hammer Time,Amulet Titan,14% - 68%,38%,13
Hammer Time,Domain Aggro,14% - 79%,44%,9
Hammer Time,Dimir Frog,13% - 65%,36%,14
Hammer Time,Tameshi Belcher,1% - 72%,20%,5
Hammer Time,Orzhov Blink,16% - 84%,50%,8
Hammer Time,Esper Reanimator,0% - 64%,17%,6
Hammer Time,Esper Blink,24% - 91%,63%,8
Hammer Time,Affinity,22% - 96%,67%,6
Hammer Time,Ruby Storm,12% - 88%,50%,6
Hammer Time,Eldrazi Tron,7% - 93%,50%,4
Hammer Time,Eldrazi Bloodchief Combo,1% - 72%,20%,5
Hammer Time,Azorius Control,2% - 100%,100%,1
Hammer Time,Samwise Combo,1% - 99%,50%,2
Hammer Time,Neoform,1% - 99%,50%,2
Hammer Time,Mill,16% - 100%,100%,2
Hammer Time,Hollow One,7% - 93%,50%,4
Hammer Time,Jeskai Ascendancy,2% - 100%,100%,1
Hammer Time,Grixis Reanimator,2% - 100%,100%,1
Hammer Time,Jeskai Energy Control,0% - 98%,0%,1
Hammer Time,Living End,0% - 71%,0%,3
Hammer Time,Eldrazi Aggro,2% - 100%,100%,1
Hammer Time,Mardu Energy,0% - 98%,0%,1
Hammer Time,Golgari Yawgmoth,1% - 99%,50%,2
Hammer Time,Esper Frog,1% - 99%,50%,2
Hammer Time,Merfolk,0% - 0%,0%,0
Hammer Time,Hammer Time,0% - 0%,0%,0
Hammer Time,Mono Black Necrodominance,0% - 0%,0%,0
Red Belcher,Overall,39% - 54%,47%,180
Red Belcher,Boros Energy,27% - 62%,44%,34
Red Belcher,Izzet Prowess,0% - 45%,10%,10
Red Belcher,Eldrazi Ramp,59% - 100%,100%,7
Red Belcher,Amulet Titan,36% - 83%,61%,18
Red Belcher,Domain Aggro,16% - 84%,50%,8
Red Belcher,Dimir Frog,2% - 48%,17%,12
Red Belcher,Tameshi Belcher,12% - 88%,50%,6
Red Belcher,Orzhov Blink,7% - 93%,50%,4
Red Belcher,Esper Reanimator,4% - 78%,33%,6
Red Belcher,Esper Blink,15% - 95%,60%,5
Red Belcher,Affinity,1% - 99%,50%,2
Red Belcher,Ruby Storm,10% - 82%,43%,7
Red Belcher,Eldrazi Tron,19% - 99%,75%,4
Red Belcher,Eldrazi Bloodchief Combo,7% - 93%,50%,4
Red Belcher,Azorius Control,1% - 99%,50%,2
Red Belcher,Samwise Combo,1% - 91%,33%,3
Red Belcher,Neoform,7% - 93%,50%,4
Red Belcher,Mill,1% - 81%,25%,4
Red Belcher,Hollow One,1% - 99%,50%,2
Red Belcher,Jeskai Ascendancy,2% - 100%,100%,1
Red Belcher,Grixis Reanimator,1% - 99%,50%,2
Red Belcher,Jeskai Energy Control,12% - 88%,50%,6
Red Belcher,Living End,16% - 100%,100%,2
Red Belcher,Eldrazi Aggro,1% - 99%,50%,2
Red Belcher,Mardu Energy,1% - 99%,50%,2
Red Belcher,Golgari Yawgmoth,0% - 98%,0%,1
Red Belcher,Esper Frog,0% - 98%,0%,1
Red Belcher,Merfolk,0% - 98%,0%,1
Red Belcher,Hammer Time,0% - 0%,0%,0
Red Belcher,Mono Black Necrodominance,0% - 0%,0%,0
Thopter Control,Overall,39% - 57%,48%,136
Thopter Control,Boros Energy,35% - 75%,56%,27
Thopter Control,Izzet Prowess,5% - 57%,25%,12
Thopter Control,Eldrazi Ramp,7% - 70%,33%,9
Thopter Control,Amulet Titan,14% - 79%,44%,9
Thopter Control,Domain Aggro,3% - 65%,25%,8
Thopter Control,Dimir Frog,52% - 100%,89%,9
Thopter Control,Tameshi Belcher,1% - 99%,50%,2
Thopter Control,Orzhov Blink,7% - 93%,50%,4
Thopter Control,Esper Reanimator,2% - 100%,100%,1
Thopter Control,Esper Blink,19% - 99%,75%,4
Thopter Control,Affinity,0% - 84%,0%,2
Thopter Control,Ruby Storm,0% - 98%,0%,1
Thopter Control,Eldrazi Tron,1% - 81%,25%,4
Thopter Control,Eldrazi Bloodchief Combo,2% - 100%,100%,1
Thopter Control,Azorius Control,1% - 72%,20%,5
Thopter Control,Samwise Combo,0% - 98%,0%,1
Thopter Control,Neoform,1% - 81%,25%,4
Thopter Control,Mill,0% - 98%,0%,1
Thopter Control,Hollow One,2% - 100%,100%,1
Thopter Control,Jeskai Ascendancy,1% - 99%,50%,2
Thopter Control,Grixis Reanimator,16% - 100%,100%,2
Thopter Control,Jeskai Energy Control,9% - 99%,67%,3
Thopter Control,Living End,2% - 100%,100%,1
Thopter Control,Eldrazi Aggro,0% - 0%,0%,0
Thopter Control,Mardu Energy,0% - 0%,0%,0
Thopter Control,Golgari Yawgmoth,0% - 0%,0%,0
Thopter Control,Esper Frog,0% - 0%,0%,0
Thopter Control,Merfolk,0% - 0%,0%,0
Thopter Control,Hammer Time,0% - 0%,0%,0
Thopter Control,Mono Black Necrodominance,0% - 0%,0%,0
Izzet Murktide,Overall,39% - 57%,48%,133
Izzet Murktide,Boros Energy,26% - 70%,48%,21
Izzet Murktide,Izzet Prowess,16% - 84%,50%,8
Izzet Murktide,Eldrazi Ramp,12% - 62%,33%,15
Izzet Murktide,Amulet Titan,12% - 74%,40%,10
Izzet Murktide,Domain Aggro,4% - 78%,33%,6
Izzet Murktide,Dimir Frog,19% - 81%,50%,10
Izzet Murktide,Tameshi Belcher,19% - 99%,75%,4
Izzet Murktide,Orzhov Blink,10% - 82%,43%,7
Izzet Murktide,Esper Reanimator,16% - 100%,100%,2
Izzet Murktide,Esper Blink,9% - 99%,67%,3
Izzet Murktide,Affinity,5% - 85%,40%,5
Izzet Murktide,Ruby Storm,7% - 93%,50%,4
Izzet Murktide,Eldrazi Tron,16% - 100%,100%,2
Izzet Murktide,Eldrazi Bloodchief Combo,40% - 100%,100%,4
Izzet Murktide,Azorius Control,2% - 100%,100%,1
Izzet Murktide,Samwise Combo,1% - 91%,33%,3
Izzet Murktide,Neoform,1% - 99%,50%,2
Izzet Murktide,Mill,1% - 99%,50%,2
Izzet Murktide,Hollow One,1% - 91%,33%,3
Izzet Murktide,Jeskai Ascendancy,0% - 98%,0%,1
Izzet Murktide,Grixis Reanimator,0% - 84%,0%,2
Izzet Murktide,Jeskai Energy Control,0% - 98%,0%,1
Izzet Murktide,Living End,0% - 0%,0%,0
Izzet Murktide,Eldrazi Aggro,0% - 0%,0%,0
Izzet Murktide,Mardu Energy,0% - 0%,0%,0
Izzet Murktide,Golgari Yawgmoth,0% - 0%,0%,0
Izzet Murktide,Esper Frog,0% - 0%,0%,0
Izzet Murktide,Merfolk,0% - 0%,0%,0
Izzet Murktide,Hammer Time,0% - 0%,0%,0
Izzet Murktide,Mono Black Necrodominance,0% - 0%,0%,0
Mono Black Necrodominance,Overall,28% - 46%,37%,122
Mono Black Necrodominance,Boros Energy,10% - 65%,33%,12
Mono Black Necrodominance,Izzet Prowess,6% - 61%,27%,11
Mono Black Necrodominance,Eldrazi Ramp,3% - 65%,25%,8
Mono Black Necrodominance,Amulet Titan,1% - 81%,25%,4
Mono Black Necrodominance,Domain Aggro,4% - 71%,29%,7
Mono Black Necrodominance,Dimir Frog,0% - 64%,17%,6
Mono Black Necrodominance,Tameshi Belcher,1% - 81%,25%,4
Mono Black Necrodominance,Orzhov Blink,0% - 98%,0%,1
Mono Black Necrodominance,Esper Reanimator,1% - 81%,25%,4
Mono Black Necrodominance,Esper Blink,0% - 84%,0%,2
Mono Black Necrodominance,Affinity,0% - 60%,0%,4
Mono Black Necrodominance,Ruby Storm,0% - 98%,0%,1
Mono Black Necrodominance,Eldrazi Tron,0% - 98%,0%,1
Mono Black Necrodominance,Eldrazi Bloodchief Combo,1% - 81%,25%,4
Mono Black Necrodominance,Azorius Control,0% - 98%,0%,1
Mono Black Necrodominance,Samwise Combo,1% - 99%,50%,2
Mono Black Necrodominance,Neoform,1% - 99%,50%,2
Mono Black Necrodominance,Mill,1% - 99%,50%,2
Mono Black Necrodominance,Hollow One,2% - 100%,100%,1
Mono Black Necrodominance,Jeskai Ascendancy,2% - 100%,100%,1
Mono Black Necrodominance,Grixis Reanimator,19% - 99%,75%,4
Mono Black Necrodominance,Jeskai Energy Control,1% - 99%,50%,2
Mono Black Necrodominance,Living End,0% - 98%,0%,1
Mono Black Necrodominance,Eldrazi Aggro,16% - 100%,100%,2
Mono Black Necrodominance,Mardu Energy,2% - 100%,100%,1
Mono Black Necrodominance,Golgari Yawgmoth,0% - 98%,0%,1
Mono Black Necrodominance,Esper Frog,1% - 99%,50%,2
Mono Black Necrodominance,Merfolk,0% - 0%,0%,0
Mono Black Necrodominance,Hammer Time,0% - 0%,0%,0
Mono Black Necrodominance,Mono Black Necrodominance,0% - 0%,0%,0
Simic Ritual,Overall,47% - 66%,57%,118
Simic Ritual,Boros Energy,4% - 43%,18%,17
Simic Ritual,Izzet Prowess,7% - 93%,50%,4
Simic Ritual,Eldrazi Ramp,4% - 78%,33%,6
Simic Ritual,Amulet Titan,35% - 97%,75%,8
Simic Ritual,Domain Aggro,10% - 82%,43%,7
Simic Ritual,Dimir Frog,16% - 100%,100%,2
Simic Ritual,Tameshi Belcher,1% - 91%,33%,3
Simic Ritual,Orzhov Blink,19% - 99%,75%,4
Simic Ritual,Esper Reanimator,28% - 99%,80%,5
Simic Ritual,Esper Blink,12% - 88%,50%,6
Simic Ritual,Affinity,15% - 95%,60%,5
Simic Ritual,Ruby Storm,0% - 98%,0%,1
Simic Ritual,Eldrazi Tron,1% - 99%,50%,2
Simic Ritual,Eldrazi Bloodchief Combo,1% - 91%,33%,3
Simic Ritual,Azorius Control,2% - 100%,100%,1
Simic Ritual,Samwise Combo,9% - 99%,67%,3
Simic Ritual,Neoform,22% - 96%,67%,6
Simic Ritual,Mill,16% - 100%,100%,2
Simic Ritual,Hollow One,2% - 100%,100%,1
Simic Ritual,Jeskai Ascendancy,0% - 98%,0%,1
Simic Ritual,Grixis Reanimator,9% - 99%,67%,3
Simic Ritual,Jeskai Energy Control,48% - 100%,100%,5
Simic Ritual,Living End,9% - 99%,67%,3
Simic Ritual,Eldrazi Aggro,0% - 98%,0%,1
Simic Ritual,Mardu Energy,2% - 100%,100%,1
Simic Ritual,Golgari Yawgmoth,1% - 99%,50%,2
Simic Ritual,Esper Frog,0% - 0%,0%,0
Simic Ritual,Merfolk,0% - 0%,0%,0
Simic Ritual,Hammer Time,0% - 0%,0%,0
Simic Ritual,Mono Black Necrodominance,0% - 0%,0%,0
Eldrazi Breach,Overall,36% - 55%,45%,111
Eldrazi Breach,Boros Energy,11% - 69%,36%,11
Eldrazi Breach,Izzet Prowess,10% - 82%,43%,7
Eldrazi Breach,Eldrazi Ramp,23% - 83%,55%,11
Eldrazi Breach,Amulet Titan,28% - 99%,80%,5
Eldrazi Breach,Domain Aggro,28% - 99%,80%,5
Eldrazi Breach,Dimir Frog,0% - 84%,0%,2
Eldrazi Breach,Tameshi Belcher,0% - 46%,0%,6
Eldrazi Breach,Orzhov Blink,19% - 99%,75%,4
Eldrazi Breach,Esper Reanimator,0% - 98%,0%,1
Eldrazi Breach,Esper Blink,1% - 81%,25%,4
Eldrazi Breach,Affinity,2% - 100%,100%,1
Eldrazi Breach,Ruby Storm,30% - 93%,67%,9
Eldrazi Breach,Eldrazi Tron,1% - 91%,33%,3
Eldrazi Breach,Eldrazi Bloodchief Combo,4% - 78%,33%,6
Eldrazi Breach,Azorius Control,16% - 100%,100%,2
Eldrazi Breach,Samwise Combo,2% - 100%,100%,1
Eldrazi Breach,Neoform,2% - 100%,100%,1
Eldrazi Breach,Mill,0% - 84%,0%,2
Eldrazi Breach,Hollow One,1% - 91%,33%,3
Eldrazi Breach,Jeskai Ascendancy,29% - 100%,100%,3
Eldrazi Breach,Grixis Reanimator,0% - 98%,0%,1
Eldrazi Breach,Jeskai Energy Control,0% - 98%,0%,1
Eldrazi Breach,Living End,2% - 100%,100%,1
Eldrazi Breach,Eldrazi Aggro,0% - 0%,0%,0
Eldrazi Breach,Mardu Energy,0% - 0%,0%,0
Eldrazi Breach,Golgari Yawgmoth,0% - 0%,0%,0
Eldrazi Breach,Esper Frog,0% - 0%,0%,0
Eldrazi Breach,Merfolk,0% - 0%,0%,0
Eldrazi Breach,Hammer Time,0% - 0%,0%,0
Eldrazi Breach,Mono Black Necrodominance,0% - 0%,0%,0
Grixis Frog,Overall,35% - 54%,44%,109
Grixis Frog,Boros Energy,25% - 81%,54%,13
Grixis Frog,Izzet Prowess,3% - 65%,25%,8
Grixis Frog,Eldrazi Ramp,0% - 52%,0%,5
Grixis Frog,Amulet Titan,21% - 86%,56%,9
Grixis Frog,Domain Aggro,0% - 60%,0%,4
Grixis Frog,Dimir Frog,12% - 88%,50%,6
Grixis Frog,Tameshi Belcher,12% - 88%,50%,6
Grixis Frog,Orzhov Blink,1% - 91%,33%,3
Grixis Frog,Esper Reanimator,7% - 93%,50%,4
Grixis Frog,Esper Blink,0% - 84%,0%,2
Grixis Frog,Affinity,7% - 93%,50%,4
Grixis Frog,Ruby Storm,9% - 99%,67%,3
Grixis Frog,Eldrazi Tron,1% - 91%,33%,3
Grixis Frog,Eldrazi Bloodchief Combo,1% - 91%,33%,3
Grixis Frog,Azorius Control,16% - 100%,100%,2
Grixis Frog,Samwise Combo,2% - 100%,100%,1
Grixis Frog,Neoform,0% - 98%,0%,1
Grixis Frog,Mill,16% - 100%,100%,2
Grixis Frog,Hollow One,0% - 98%,0%,1
Grixis Frog,Jeskai Ascendancy,0% - 98%,0%,1
Grixis Frog,Grixis Reanimator,0% - 98%,0%,1
Grixis Frog,Jeskai Energy Control,2% - 100%,100%,1
Grixis Frog,Living End,0% - 0%,0%,0
Grixis Frog,Eldrazi Aggro,0% - 0%,0%,0
Grixis Frog,Mardu Energy,0% - 0%,0%,0
Grixis Frog,Golgari Yawgmoth,0% - 0%,0%,0
Grixis Frog,Esper Frog,0% - 0%,0%,0
Grixis Frog,Merfolk,0% - 0%,0%,0
Grixis Frog,Hammer Time,0% - 0%,0%,0
Grixis Frog,Mono Black Necrodominance,0% - 0%,0%,0
UW Ephemerate,Overall,39% - 59%,49%,106
UW Ephemerate,Boros Energy,25% - 75%,50%,16
UW Ephemerate,Izzet Prowess,1% - 99%,50%,2
UW Ephemerate,Eldrazi Ramp,28% - 99%,80%,5
UW Ephemerate,Amulet Titan,21% - 86%,56%,9
UW Ephemerate,Domain Aggro,1% - 81%,25%,4
UW Ephemerate,Dimir Frog,7% - 93%,50%,4
UW Ephemerate,Tameshi Belcher,7% - 93%,50%,4
UW Ephemerate,Orzhov Blink,10% - 82%,43%,7
UW Ephemerate,Esper Reanimator,47% - 100%,88%,8
UW Ephemerate,Esper Blink,22% - 96%,67%,6
UW Ephemerate,Affinity,9% - 99%,67%,3
UW Ephemerate,Ruby Storm,1% - 99%,50%,2
UW Ephemerate,Eldrazi Tron,1% - 81%,25%,4
UW Ephemerate,Eldrazi Bloodchief Combo,0% - 98%,0%,1
UW Ephemerate,Azorius Control,0% - 98%,0%,1
UW Ephemerate,Samwise Combo,2% - 100%,100%,1
UW Ephemerate,Neoform,0% - 98%,0%,1
UW Ephemerate,Mill,0% - 64%,17%,6
UW Ephemerate,Hollow One,1% - 91%,33%,3
UW Ephemerate,Jeskai Ascendancy,0% - 98%,0%,1
UW Ephemerate,Grixis Reanimator,0% - 98%,0%,1
UW Ephemerate,Jeskai Energy Control,0% - 98%,0%,1
UW Ephemerate,Living End,0% - 0%,0%,0
UW Ephemerate,Eldrazi Aggro,0% - 0%,0%,0
UW Ephemerate,Mardu Energy,0% - 0%,0%,0
UW Ephemerate,Golgari Yawgmoth,0% - 0%,0%,0
UW Ephemerate,Esper Frog,0% - 0%,0%,0
UW Ephemerate,Merfolk,0% - 0%,0%,0
UW Ephemerate,Hammer Time,0% - 0%,0%,0
UW Ephemerate,Mono Black Necrodominance,0% - 0%,0%,0
Mono Blue Tron,Overall,33% - 53%,43%,105
Mono Blue Tron,Boros Energy,13% - 65%,36%,14
Mono Blue Tron,Izzet Prowess,31% - 89%,64%,11
Mono Blue Tron,Eldrazi Ramp,7% - 93%,50%,4
Mono Blue Tron,Amulet Titan,0% - 52%,0%,5
Mono Blue Tron,Domain Aggro,5% - 85%,40%,5
Mono Blue Tron,Dimir Frog,0% - 64%,17%,6
Mono Blue Tron,Tameshi Belcher,1% - 91%,33%,3
Mono Blue Tron,Orzhov Blink,29% - 100%,100%,3
Mono Blue Tron,Esper Reanimator,2% - 100%,100%,1
Mono Blue Tron,Esper Blink,9% - 99%,67%,3
Mono Blue Tron,Affinity,1% - 81%,25%,4
Mono Blue Tron,Ruby Storm,4% - 71%,29%,7
Mono Blue Tron,Eldrazi Tron,0% - 98%,0%,1
Mono Blue Tron,Eldrazi Bloodchief Combo,0% - 98%,0%,1
Mono Blue Tron,Azorius Control,0% - 84%,0%,2
Mono Blue Tron,Samwise Combo,7% - 93%,50%,4
Mono Blue Tron,Neoform,9% - 99%,67%,3
Mono Blue Tron,Mill,1% - 91%,33%,3
Mono Blue Tron,Hollow One,1% - 99%,50%,2
Mono Blue Tron,Jeskai Ascendancy,0% - 98%,0%,1
Mono Blue Tron,Grixis Reanimator,16% - 100%,100%,2
Mono Blue Tron,Jeskai Energy Control,2% - 100%,100%,1
Mono Blue Tron,Living End,1% - 91%,33%,3
Mono Blue Tron,Eldrazi Aggro,0% - 0%,0%,0
Mono Blue Tron,Mardu Energy,0% - 0%,0%,0
Mono Blue Tron,Golgari Yawgmoth,0% - 0%,0%,0
Mono Blue Tron,Esper Frog,0% - 0%,0%,0
Mono Blue Tron,Merfolk,0% - 0%,0%,0
Mono Blue Tron,Hammer Time,0% - 0%,0%,0
Mono Blue Tron,Mono Black Necrodominance,0% - 0%,0%,0
Prison Tron,Overall,37% - 57%,47%,100
Prison Tron,Boros Energy,11% - 69%,36%,11
Prison Tron,Izzet Prowess,19% - 99%,75%,4
Prison Tron,Eldrazi Ramp,24% - 91%,63%,8
Prison Tron,Amulet Titan,4% - 78%,33%,6
Prison Tron,Domain Aggro,17% - 77%,45%,11
Prison Tron,Dimir Frog,1% - 81%,25%,4
Prison Tron,Tameshi Belcher,1% - 81%,25%,4
Prison Tron,Orzhov Blink,7% - 93%,50%,4
Prison Tron,Esper Reanimator,9% - 99%,67%,3
Prison Tron,Esper Blink,36% - 100%,83%,6
Prison Tron,Affinity,1% - 91%,33%,3
Prison Tron,Ruby Storm,1% - 91%,33%,3
Prison Tron,Eldrazi Tron,0% - 98%,0%,1
Prison Tron,Eldrazi Bloodchief Combo,0% - 71%,0%,3
Prison Tron,Azorius Control,1% - 99%,50%,2
Prison Tron,Samwise Combo,1% - 99%,50%,2
Prison Tron,Neoform,0% - 98%,0%,1
Prison Tron,Mill,1% - 99%,50%,2
Prison Tron,Jeskai Ascendancy,1% - 91%,33%,3
Prison Tron,Grixis Reanimator,2% - 100%,100%,1
Prison Tron,Jeskai Energy Control,9% - 99%,67%,3
Prison Tron,Living End,0% - 98%,0%,1
Prison Tron,Eldrazi Aggro,0% - 0%,0%,0
Prison Tron,Mardu Energy,0% - 0%,0%,0
Prison Tron,Golgari Yawgmoth,0% - 0%,0%,0
Prison Tron,Esper Frog,0% - 0%,0%,0
Prison Tron,Merfolk,0% - 0%,0%,0
Prison Tron,Hammer Time,0% - 0%,0%,0
Prison Tron,Mono Black Necrodominance,0% - 0%,0%,0
Rakdos Burn,Overall,34% - 55%,45%,92
Rakdos Burn,Boros Energy,5% - 54%,23%,13
Rakdos Burn,Izzet Prowess,4% - 78%,33%,6
Rakdos Burn,Eldrazi Ramp,18% - 90%,57%,7
Rakdos Burn,Amulet Titan,22% - 96%,67%,6
Rakdos Burn,Domain Aggro,0% - 41%,0%,7
Rakdos Burn,Dimir Frog,22% - 96%,67%,6
Rakdos Burn,Tameshi Belcher,9% - 99%,67%,3
Rakdos Burn,Orzhov Blink,36% - 100%,83%,6
Rakdos Burn,Esper Reanimator,0% - 98%,0%,1
Rakdos Burn,Esper Blink,1% - 99%,50%,2
Rakdos Burn,Affinity,0% - 98%,0%,1
Rakdos Burn,Ruby Storm,0% - 84%,0%,2
Rakdos Burn,Eldrazi Tron,0% - 84%,0%,2
Rakdos Burn,Eldrazi Bloodchief Combo,5% - 85%,40%,5
Rakdos Burn,Azorius Control,1% - 99%,50%,2
Rakdos Burn,Samwise Combo,2% - 100%,100%,1
Rakdos Burn,Neoform,0% - 98%,0%,1
Rakdos Burn,Mill,1% - 91%,33%,3
Rakdos Burn,Jeskai Ascendancy,2% - 100%,100%,1
Rakdos Burn,Grixis Reanimator,0% - 98%,0%,1
Rakdos Burn,Jeskai Energy Control,2% - 100%,100%,1
Rakdos Burn,Living End,16% - 100%,100%,2
Rakdos Burn,Eldrazi Aggro,0% - 0%,0%,0
Rakdos Burn,Mardu Energy,0% - 0%,0%,0
Rakdos Burn,Golgari Yawgmoth,0% - 0%,0%,0
Rakdos Burn,Esper Frog,0% - 0%,0%,0
Rakdos Burn,Merfolk,0% - 0%,0%,0
Rakdos Burn,Hammer Time,0% - 0%,0%,0
Rakdos Burn,Mono Black Necrodominance,0% - 0%,0%,0
Jund Saga,Overall,39% - 60%,49%,87
Jund Saga,Boros Energy,35% - 87%,64%,14
Jund Saga,Izzet Prowess,10% - 82%,43%,7
Jund Saga,Eldrazi Ramp,1% - 72%,20%,5
Jund Saga,Amulet Titan,7% - 93%,50%,4
Jund Saga,Domain Aggro,1% - 91%,33%,3
Jund Saga,Dimir Frog,19% - 99%,75%,4
Jund Saga,Tameshi Belcher,5% - 85%,40%,5
Jund Saga,Orzhov Blink,0% - 98%,0%,1
Jund Saga,Esper Reanimator,1% - 99%,50%,2
Jund Saga,Esper Blink,0% - 84%,0%,2
Jund Saga,Affinity,9% - 99%,67%,3
Jund Saga,Ruby Storm,1% - 81%,25%,4
Jund Saga,Eldrazi Tron,2% - 100%,100%,1
Jund Saga,Eldrazi Bloodchief Combo,1% - 91%,33%,3
Jund Saga,Azorius Control,29% - 100%,100%,3
Jund Saga,Samwise Combo,0% - 84%,0%,2
Jund Saga,Neoform,2% - 100%,100%,1
Jund Saga,Mill,1% - 99%,50%,2
Jund Saga,Jeskai Ascendancy,0% - 98%,0%,1
Jund Saga,Grixis Reanimator,1% - 99%,50%,2
Jund Saga,Jeskai Energy Control,0% - 84%,0%,2
Jund Saga,Living End,2% - 100%,100%,1
Jund Saga,Eldrazi Aggro,2% - 100%,100%,1
Jund Saga,Mardu Energy,0% - 0%,0%,0
Jund Saga,Golgari Yawgmoth,0% - 0%,0%,0
Jund Saga,Esper Frog,0% - 0%,0%,0
Jund Saga,Merfolk,0% - 0%,0%,0
Jund Saga,Hammer Time,0% - 0%,0%,0
Jund Saga,Mono Black Necrodominance,0% - 0%,0%,0
Grixis Control,Overall,38% - 61%,49%,83
Grixis Control,Boros Energy,12% - 88%,50%,6
Grixis Control,Izzet Prowess,9% - 99%,67%,3
Grixis Control,Eldrazi Ramp,5% - 85%,40%,5
Grixis Control,Amulet Titan,1% - 91%,33%,3
Grixis Control,Domain Aggro,4% - 78%,33%,6
Grixis Control,Dimir Frog,12% - 88%,50%,6
Grixis Control,Tameshi Belcher,0% - 71%,0%,3
Grixis Control,Orzhov Blink,15% - 95%,60%,5
Grixis Control,Esper Reanimator,1% - 99%,50%,2
Grixis Control,Esper Blink,18% - 90%,57%,7
Grixis Control,Affinity,5% - 85%,40%,5
Grixis Control,Ruby Storm,9% - 99%,67%,3
Grixis Control,Eldrazi Tron,1% - 99%,50%,2
Grixis Control,Eldrazi Bloodchief Combo,9% - 99%,67%,3
Grixis Control,Azorius Control,1% - 99%,50%,2
Grixis Control,Samwise Combo,0% - 84%,0%,2
Grixis Control,Neoform,0% - 98%,0%,1
Grixis Control,Mill,0% - 98%,0%,1
Grixis Control,Jeskai Ascendancy,0% - 98%,0%,1
Grixis Control,Grixis Reanimator,2% - 100%,100%,1
Grixis Control,Jeskai Energy Control,0% - 0%,0%,0
Grixis Control,Living End,0% - 0%,0%,0
Grixis Control,Eldrazi Aggro,0% - 0%,0%,0
Grixis Control,Mardu Energy,0% - 0%,0%,0
Grixis Control,Golgari Yawgmoth,0% - 0%,0%,0
Grixis Control,Esper Frog,0% - 0%,0%,0
Grixis Control,Merfolk,0% - 0%,0%,0
Grixis Control,Hammer Time,0% - 0%,0%,0
Grixis Control,Mono Black Necrodominance,0% - 0%,0%,0
Infect,Overall,28% - 50%,39%,80
Infect,Boros Energy,14% - 79%,44%,9
Infect,Izzet Prowess,0% - 60%,0%,4
Infect,Eldrazi Ramp,2% - 100%,100%,1
Infect,Amulet Titan,21% - 86%,56%,9
Infect,Domain Aggro,0% - 98%,0%,1
Infect,Dimir Frog,0% - 71%,0%,3
Infect,Tameshi Belcher,1% - 91%,33%,3
Infect,Orzhov Blink,1% - 91%,33%,3
Infect,Esper Reanimator,0% - 71%,0%,3
Infect,Esper Blink,0% - 98%,0%,1
Infect,Affinity,9% - 99%,67%,3
Infect,Ruby Storm,9% - 99%,67%,3
Infect,Eldrazi Tron,1% - 99%,50%,2
Infect,Eldrazi Bloodchief Combo,0% - 98%,0%,1
Infect,Azorius Control,16% - 100%,100%,2
Infect,Samwise Combo,0% - 84%,0%,2
Infect,Neoform,1% - 99%,50%,2
Infect,Mill,1% - 99%,50%,2
Infect,Jeskai Ascendancy,16% - 100%,100%,2
Infect,Grixis Reanimator,2% - 100%,100%,1
Infect,Jeskai Energy Control,0% - 98%,0%,1
Infect,Living End,0% - 84%,0%,2
Infect,Eldrazi Aggro,1% - 91%,33%,3
Infect,Mardu Energy,0% - 0%,0%,0
Infect,Golgari Yawgmoth,0% - 0%,0%,0
Infect,Esper Frog,0% - 0%,0%,0
Infect,Merfolk,0% - 0%,0%,0
Infect,Hammer Time,0% - 0%,0%,0
Infect,Mono Black Necrodominance,0% - 0%,0%,0
Splinter Twin,Overall,21% - 42%,31%,78
Splinter Twin,Boros Energy,2% - 43%,14%,14
Splinter Twin,Izzet Prowess,5% - 85%,40%,5
Splinter Twin,Eldrazi Ramp,0% - 46%,0%,6
Splinter Twin,Amulet Titan,16% - 100%,100%,2
Splinter Twin,Domain Aggro,0% - 84%,0%,2
Splinter Twin,Dimir Frog,1% - 99%,50%,2
Splinter Twin,Tameshi Belcher,2% - 100%,100%,1
Splinter Twin,Orzhov Blink,12% - 88%,50%,6
Splinter Twin,Esper Reanimator,0% - 84%,0%,2
Splinter Twin,Esper Blink,0% - 84%,0%,2
Splinter Twin,Affinity,0% - 98%,0%,1
Splinter Twin,Ruby Storm,0% - 84%,0%,2
Splinter Twin,Eldrazi Tron,2% - 100%,100%,1
Splinter Twin,Eldrazi Bloodchief Combo,1% - 99%,50%,2
Splinter Twin,Azorius Control,0% - 84%,0%,2
Splinter Twin,Samwise Combo,1% - 99%,50%,2
Splinter Twin,Neoform,0% - 98%,0%,1
Splinter Twin,Mill,1% - 91%,33%,3
Splinter Twin,Jeskai Ascendancy,1% - 99%,50%,2
Splinter Twin,Grixis Reanimator,0% - 84%,0%,2
Splinter Twin,Jeskai Energy Control,0% - 98%,0%,1
Splinter Twin,Living End,2% - 100%,100%,1
Splinter Twin,Eldrazi Aggro,0% - 0%,0%,0
Splinter Twin,Mardu Energy,0% - 0%,0%,0
Splinter Twin,Golgari Yawgmoth,0% - 0%,0%,0
Splinter Twin,Esper Frog,0% - 0%,0%,0
Splinter Twin,Merfolk,0% - 0%,0%,0
Splinter Twin,Hammer Time,0% - 0%,0%,0
Splinter Twin,Mono Black Necrodominance,0% - 0%,0%,0
Jeskai Control,Overall,41% - 64%,53%,76
Jeskai Control,Boros Energy,26% - 88%,60%,10
Jeskai Control,Izzet Prowess,7% - 93%,50%,4
Jeskai Control,Eldrazi Ramp,1% - 99%,50%,2
Jeskai Control,Amulet Titan,29% - 100%,100%,3
Jeskai Control,Domain Aggro,0% - 98%,0%,1
Jeskai Control,Dimir Frog,40% - 100%,100%,4
Jeskai Control,Tameshi Belcher,19% - 99%,75%,4
Jeskai Control,Orzhov Blink,0% - 98%,0%,1
Jeskai Control,Esper Reanimator,7% - 65%,30%,10
Jeskai Control,Esper Blink,1% - 81%,25%,4
Jeskai Control,Affinity,0% - 98%,0%,1
Jeskai Control,Ruby Storm,9% - 99%,67%,3
Jeskai Control,Eldrazi Tron,1% - 99%,50%,2
Jeskai Control,Eldrazi Bloodchief Combo,1% - 99%,50%,2
Jeskai Control,Azorius Control,9% - 99%,67%,3
Jeskai Control,Samwise Combo,0% - 98%,0%,1
Jeskai Control,Neoform,9% - 99%,67%,3
Jeskai Control,Mill,0% - 84%,0%,2
Jeskai Control,Jeskai Ascendancy,0% - 98%,0%,1
Jeskai Control,Grixis Reanimator,2% - 100%,100%,1
Jeskai Control,Jeskai Energy Control,2% - 100%,100%,1
Jeskai Control,Living End,2% - 100%,100%,1
Jeskai Control,Eldrazi Aggro,0% - 0%,0%,0
Jeskai Control,Mardu Energy,0% - 0%,0%,0
Jeskai Control,Golgari Yawgmoth,0% - 0%,0%,0
Jeskai Control,Esper Frog,0% - 0%,0%,0
Jeskai Control,Merfolk,0% - 0%,0%,0
Jeskai Control,Hammer Time,0% - 0%,0%,0
Jeskai Control,Mono Black Necrodominance,0% - 0%,0%,0
Izzet Wizards,Overall,47% - 71%,59%,74
Izzet Wizards,Boros Energy,23% - 83%,55%,11
Izzet Wizards,Izzet Prowess,29% - 100%,100%,3
Izzet Wizards,Eldrazi Ramp,0% - 64%,17%,6
Izzet Wizards,Amulet Titan,36% - 100%,83%,6
Izzet Wizards,Domain Aggro,7% - 93%,50%,4
Izzet Wizards,Dimir Frog,16% - 100%,100%,2
Izzet Wizards,Tameshi Belcher,2% - 100%,100%,1
Izzet Wizards,Orzhov Blink,1% - 99%,50%,2
Izzet Wizards,Esper Reanimator,1% - 91%,33%,3
Izzet Wizards,Esper Blink,15% - 95%,60%,5
Izzet Wizards,Affinity,9% - 99%,67%,3
Izzet Wizards,Ruby Storm,16% - 100%,100%,2
Izzet Wizards,Eldrazi Tron,7% - 93%,50%,4
Izzet Wizards,Eldrazi Bloodchief Combo,2% - 100%,100%,1
Izzet Wizards,Azorius Control,0% - 84%,0%,2
Izzet Wizards,Samwise Combo,2% - 100%,100%,1
Izzet Wizards,Neoform,16% - 100%,100%,2
Izzet Wizards,Mill,0% - 84%,0%,2
Izzet Wizards,Jeskai Ascendancy,16% - 100%,100%,2
Izzet Wizards,Grixis Reanimator,1% - 99%,50%,2
Jeskai Prowess,Overall,31% - 55%,43%,70
Jeskai Prowess,Boros Energy,12% - 74%,40%,10
Jeskai Prowess,Izzet Prowess,29% - 100%,100%,3
Jeskai Prowess,Eldrazi Ramp,0% - 84%,0%,2
Jeskai Prowess,Amulet Titan,0% - 64%,17%,6
Jeskai Prowess,Domain Aggro,0% - 71%,0%,3
Jeskai Prowess,Dimir Frog,0% - 60%,0%,4
Jeskai Prowess,Tameshi Belcher,15% - 95%,60%,5
Jeskai Prowess,Orzhov Blink,2% - 100%,100%,1
Jeskai Prowess,Esper Reanimator,16% - 100%,100%,2
Jeskai Prowess,Esper Blink,1% - 81%,25%,4
Jeskai Prowess,Affinity,16% - 100%,100%,2
Jeskai Prowess,Ruby Storm,1% - 91%,33%,3
Jeskai Prowess,Eldrazi Tron,2% - 100%,100%,1
Jeskai Prowess,Eldrazi Bloodchief Combo,2% - 100%,100%,1
Jeskai Prowess,Azorius Control,0% - 98%,0%,1
Jeskai Prowess,Samwise Combo,0% - 98%,0%,1
Jeskai Prowess,Neoform,2% - 100%,100%,1
Jeskai Prowess,Mill,0% - 98%,0%,1
Jeskai Prowess,Jeskai Ascendancy,1% - 99%,50%,2
Jeskai Prowess,Grixis Reanimator,2% - 100%,100%,1
Jeskai Prowess,Jeskai Energy Control,1% - 91%,33%,3
Azorius Blink,Overall,39% - 64%,51%,68
Azorius Blink,Boros Energy,18% - 90%,57%,7
Azorius Blink,Izzet Prowess,1% - 91%,33%,3
Azorius Blink,Eldrazi Ramp,1% - 99%,50%,2
Azorius Blink,Amulet Titan,1% - 81%,25%,4
Azorius Blink,Domain Aggro,7% - 93%,50%,4
Azorius Blink,Dimir Frog,63% - 100%,100%,8
Azorius Blink,Tameshi Belcher,0% - 98%,0%,1
Azorius Blink,Orzhov Blink,18% - 90%,57%,7
Azorius Blink,Esper Reanimator,1% - 72%,20%,5
Azorius Blink,Esper Blink,0% - 71%,0%,3
Azorius Blink,Azorius Control,0% - 98%,0%,1
Azorius Blink,Samwise Combo,2% - 100%,100%,1
Azorius Blink,Neoform,1% - 99%,50%,2
Azorius Blink,Mill,1% - 81%,25%,4
Azorius Blink,Jeskai Ascendancy,0% - 98%,0%,1
Azorius Blink,Grixis Reanimator,16% - 100%,100%,2
Azorius Blink,Jeskai Energy Control,0% - 98%,0%,1
Azorius Blink,Living End,2% - 100%,100%,1
Azorius Blink,Eldrazi Aggro,0% - 98%,0%,1
Grixis Death's Shadow,Overall,31% - 56%,43%,67
Grixis Death's Shadow,Boros Energy,4% - 71%,29%,7
Grixis Death's Shadow,Izzet Prowess,0% - 60%,0%,4
Grixis Death's Shadow,Eldrazi Ramp,1% - 99%,50%,2
Grixis Death's Shadow,Amulet Titan,1% - 81%,25%,4
Grixis Death's Shadow,Domain Aggro,0% - 58%,14%,7
Grixis Death's Shadow,Dimir Frog,1% - 99%,50%,2
Grixis Death's Shadow,Tameshi Belcher,19% - 99%,75%,4
Grixis Death's Shadow,Esper Reanimator,0% - 98%,0%,1
Grixis Death's Shadow,Esper Blink,0% - 98%,0%,1
Grixis Death's Shadow,Affinity,1% - 72%,20%,5
Grixis Death's Shadow,Ruby Storm,29% - 100%,100%,3
Grixis Death's Shadow,Eldrazi Tron,9% - 99%,67%,3
Grixis Death's Shadow,Eldrazi Bloodchief Combo,2% - 100%,100%,1
Grixis Death's Shadow,Azorius Control,29% - 100%,100%,3
Grixis Death's Shadow,Samwise Combo,0% - 98%,0%,1
Grixis Death's Shadow,Mill,0% - 98%,0%,1
Grixis Death's Shadow,Jeskai Ascendancy,0% - 98%,0%,1
Grixis Death's Shadow,Grixis Reanimator,2% - 100%,100%,1
Mono Green Tron,Overall,40% - 65%,52%,65
Mono Green Tron,Boros Energy,11% - 69%,36%,11
Mono Green Tron,Izzet Prowess,29% - 100%,100%,3
Mono Green Tron,Amulet Titan,1% - 91%,33%,3
Mono Green Tron,Domain Aggro,1% - 99%,50%,2
Mono Green Tron,Dimir Frog,0% - 71%,0%,3
Mono Green Tron,Tameshi Belcher,5% - 85%,40%,5
Mono Green Tron,Orzhov Blink,5% - 85%,40%,5
Mono Green Tron,Esper Reanimator,5% - 85%,40%,5
Mono Green Tron,Esper Blink,15% - 95%,60%,5
Mono Green Tron,Affinity,1% - 99%,50%,2
Mono Green Tron,Ruby Storm,1% - 99%,50%,2
Mono Green Tron,Eldrazi Tron,19% - 99%,75%,4
Mono Green Tron,Eldrazi Bloodchief Combo,2% - 100%,100%,1
Mono Green Tron,Azorius Control,16% - 100%,100%,2
Mono Green Tron,Neoform,2% - 100%,100%,1
Mono Green Tron,Jeskai Ascendancy,2% - 100%,100%,1
Mono Green Tron,Grixis Reanimator,2% - 100%,100%,1
Mono Green Tron,Jeskai Energy Control,2% - 100%,100%,1
Mono Green Tron,Living End,2% - 100%,100%,1
Dimir Oculus,Overall,44% - 69%,57%,65
Dimir Oculus,Boros Energy,23% - 83%,55%,11
Dimir Oculus,Izzet Prowess,1% - 99%,50%,2
Dimir Oculus,Eldrazi Ramp,48% - 100%,100%,5
Dimir Oculus,Amulet Titan,9% - 99%,67%,3
Dimir Oculus,Domain Aggro,22% - 96%,67%,6
Dimir Oculus,Dimir Frog,19% - 99%,75%,4
Dimir Oculus,Tameshi Belcher,1% - 99%,50%,2
Dimir Oculus,Orzhov Blink,1% - 81%,25%,4
Dimir Oculus,Esper Reanimator,0% - 84%,0%,2
Dimir Oculus,Eldrazi Tron,0% - 71%,0%,3
Dimir Oculus,Eldrazi Bloodchief Combo,0% - 71%,0%,3
Dimir Oculus,Azorius Control,2% - 100%,100%,1
Dimir Oculus,Jeskai Energy Control,2% - 100%,100%,1
Dimir Oculus,Living End,2% - 100%,100%,1
Dimir Oculus,Eldrazi Aggro,0% - 84%,0%,2
Dimir Oculus,Mardu Energy,2% - 100%,100%,1
Dimir Oculus,Golgari Yawgmoth,1% - 99%,50%,2
Izzet Metalcraft,Overall,38% - 63%,51%,65
Izzet Metalcraft,Boros Energy,5% - 85%,40%,5
Izzet Metalcraft,Izzet Prowess,29% - 100%,100%,3
Izzet Metalcraft,Eldrazi Ramp,5% - 85%,40%,5
Izzet Metalcraft,Amulet Titan,15% - 95%,60%,5
Izzet Metalcraft,Domain Aggro,29% - 100%,100%,3
Izzet Metalcraft,Dimir Frog,1% - 99%,50%,2
Izzet Metalcraft,Tameshi Belcher,1% - 91%,33%,3
Izzet Metalcraft,Orzhov Blink,1% - 81%,25%,4
Izzet Metalcraft,Esper Blink,9% - 99%,67%,3
Izzet Metalcraft,Affinity,0% - 84%,0%,2
Izzet Metalcraft,Ruby Storm,0% - 98%,0%,1
Izzet Metalcraft,Eldrazi Tron,0% - 98%,0%,1
Izzet Metalcraft,Eldrazi Bloodchief Combo,7% - 93%,50%,4
Izzet Metalcraft,Azorius Control,0% - 84%,0%,2
Izzet Metalcraft,Samwise Combo,1% - 99%,50%,2
Izzet Metalcraft,Jeskai Ascendancy,29% - 100%,100%,3
Izzet Metalcraft,Grixis Reanimator,1% - 99%,50%,2
Izzet Metalcraft,Jeskai Energy Control,0% - 98%,0%,1
Izzet Metalcraft,Living End,2% - 100%,100%,1
Izzet Metalcraft,Eldrazi Aggro,2% - 100%,100%,1
4 Color Omnath,Overall,33% - 59%,46%,61
4 Color Omnath,Boros Energy,19% - 81%,50%,10
4 Color Omnath,Izzet Prowess,12% - 88%,50%,6
4 Color Omnath,Eldrazi Ramp,5% - 85%,40%,5
4 Color Omnath,Amulet Titan,40% - 100%,100%,4
4 Color Omnath,Domain Aggro,7% - 93%,50%,4
4 Color Omnath,Dimir Frog,0% - 84%,0%,2
4 Color Omnath,Tameshi Belcher,0% - 84%,0%,2
4 Color Omnath,Orzhov Blink,2% - 100%,100%,1
4 Color Omnath,Esper Reanimator,1% - 91%,33%,3
4 Color Omnath,Esper Blink,1% - 81%,25%,4
4 Color Omnath,Affinity,0% - 98%,0%,1
4 Color Omnath,Jeskai Energy Control,1% - 91%,33%,3
4 Color Omnath,Living End,0% - 98%,0%,1
4 Color Omnath,Eldrazi Aggro,0% - 98%,0%,1
4 Color Omnath,Mardu Energy,0% - 71%,0%,3
4 Color Omnath,Golgari Yawgmoth,0% - 98%,0%,1
Jund Creativity,Overall,30% - 57%,43%,56
Jund Creativity,Boros Energy,30% - 93%,67%,9
Jund Creativity,Izzet Prowess,5% - 85%,40%,5
Jund Creativity,Eldrazi Ramp,0% - 64%,17%,6
Jund Creativity,Amulet Titan,5% - 85%,40%,5
Jund Creativity,Domain Aggro,0% - 60%,0%,4
Jund Creativity,Dimir Frog,5% - 85%,40%,5
Jund Creativity,Tameshi Belcher,0% - 98%,0%,1
Jund Creativity,Orzhov Blink,0% - 84%,0%,2
Jund Creativity,Esper Reanimator,0% - 98%,0%,1
Jund Creativity,Esper Blink,2% - 100%,100%,1
Jund Creativity,Jeskai Ascendancy,1% - 91%,33%,3
Jund Creativity,Grixis Reanimator,1% - 99%,50%,2
Jund Creativity,Jeskai Energy Control,0% - 98%,0%,1
Jund Creativity,Living End,2% - 100%,100%,1
Jund Creativity,Eldrazi Aggro,2% - 100%,100%,1
Dimir Cookbook,Overall,32% - 59%,45%,55
Dimir Cookbook,Boros Energy,0% - 53%,13%,8
Dimir Cookbook,Izzet Prowess,1% - 99%,50%,2
Dimir Cookbook,Eldrazi Ramp,1% - 72%,20%,5
Dimir Cookbook,Amulet Titan,0% - 84%,0%,2
Dimir Cookbook,Domain Aggro,1% - 81%,25%,4
Dimir Cookbook,Dimir Frog,0% - 98%,0%,1
Dimir Cookbook,Tameshi Belcher,0% - 98%,0%,1
Dimir Cookbook,Orzhov Blink,7% - 93%,50%,4
Dimir Cookbook,Esper Reanimator,1% - 99%,50%,2
Dimir Cookbook,Esper Blink,29% - 100%,100%,3
Dimir Cookbook,Affinity,0% - 98%,0%,1
Dimir Cookbook,Ruby Storm,0% - 98%,0%,1
Dimir Cookbook,Eldrazi Tron,1% - 99%,50%,2
Dimir Cookbook,Eldrazi Bloodchief Combo,2% - 100%,100%,1
Dimir Cookbook,Jeskai Energy Control,0% - 98%,0%,1
Dimir Cookbook,Living End,0% - 98%,0%,1
Dimir Cookbook,Jeskai Ascendancy,2% - 100%,100%,1
Dimir Cookbook,Grixis Reanimator,2% - 100%,100%,1
Lantern Control,Overall,23% - 49%,35%,54
Lantern Control,Boros Energy,0% - 41%,0%,7
Lantern Control,Izzet Prowess,0% - 84%,0%,2
Lantern Control,Eldrazi Ramp,7% - 93%,50%,4
Lantern Control,Amulet Titan,2% - 100%,100%,1
Lantern Control,Domain Aggro,0% - 71%,0%,3
Lantern Control,Dimir Frog,9% - 99%,67%,3
Lantern Control,Tameshi Belcher,0% - 98%,0%,1
Lantern Control,Orzhov Blink,22% - 96%,67%,6
Lantern Control,Esper Reanimator,2% - 100%,100%,1
Lantern Control,Esper Blink,2% - 100%,100%,1
Lantern Control,Jeskai Ascendancy,1% - 99%,50%,2
Grixis Reanimator,0% - 98%,0%,1
Lantern Control,Jeskai Energy Control,2% - 100%,100%,1
Lantern Control,Living End,0% - 98%,0%,1
Lantern Control,Eldrazi Aggro,2% - 100%,100%,1
Lantern Control,Mardu Energy,2% - 100%,100%,1
Lantern Control,Golgari Yawgmoth,2% - 100%,100%,1
Lantern Control,Esper Frog,1% - 91%,33%,3
Lantern Control,Merfolk,0% - 98%,0%,1
Lantern Control,Hammer Time,2% - 100%,100%,1
Mono Black Eldrazi Bones,Overall,34% - 62%,48%,52
Mono Black Eldrazi Bones,Boros Energy,7% - 93%,50%,4
Mono Black Eldrazi Bones,Izzet Prowess,15% - 95%,60%,5
Mono Black Eldrazi Bones,Eldrazi Ramp,1% - 99%,50%,2
Mono Black Eldrazi Bones,Amulet Titan,1% - 72%,20%,5
Mono Black Eldrazi Bones,Domain Aggro,7% - 93%,50%,4
Mono Black Eldrazi Bones,Dimir Frog,2% - 100%,100%,1
Mono Black Eldrazi Bones,Tameshi Belcher,1% - 99%,50%,2
Mono Black Eldrazi Bones,Orzhov Blink,0% - 84%,0%,2
Mono Black Eldrazi Bones,Esper Reanimator,16% - 100%,100%,2
Mono Black Eldrazi Bones,Esper Blink,0% - 98%,0%,1
Mono Black Eldrazi Bones,Affinity,0% - 98%,0%,1
Mono Black Eldrazi Bones,Ruby Storm,0% - 98%,0%,1
Mono Black Eldrazi Bones,Eldrazi Tron,2% - 100%,100%,1
Mono Black Eldrazi Bones,Eldrazi Bloodchief Combo,1% - 91%,33%,3
Mono Black Eldrazi Bones,Jeskai Ascendancy,0% - 98%,0%,1
Mono Black Eldrazi Bones,Grixis Reanimator,2% - 100%,100%,1
GW Auras,Overall,19% - 46%,31%,48
GW Auras,Boros Energy,1% - 72%,20%,5
GW Auras,Izzet Prowess,10% - 82%,43%,7
GW Auras,Eldrazi Ramp,0% - 71%,0%,3
GW Auras,Amulet Titan,1% - 91%,33%,3
GW Auras,Esper Blink,1% - 91%,33%,3
GW Auras,Affinity,0% - 98%,0%,1
GW Auras,Ruby Storm,0% - 98%,0%,1
GW Auras,Eldrazi Tron,0% - 98%,0%,1
GW Auras,Eldrazi Bloodchief Combo,0% - 98%,0%,1
GW Auras,Jeskai Ascendancy,19% - 99%,75%,4
GW Auras,Grixis Reanimator,0% - 98%,0%,1
GW Auras,Jeskai Energy Control,1% - 99%,50%,2
GW Auras,Living End,0% - 84%,0%,2
GW Auras,Eldrazi Aggro,0% - 98%,0%,1
GW Auras,Merfolk,0% - 98%,0%,1
GW Auras,Hammer Time,9% - 99%,67%,3
Dredge,Overall,23% - 51%,36%,47
Dredge,Boros Energy,4% - 71%,29%,7
Dredge,Izzet Prowess,0% - 98%,0%,1
Dredge,Eldrazi Ramp,0% - 98%,0%,1
Dredge,Amulet Titan,1% - 99%,50%,2
Dredge,Domain Aggro,1% - 91%,33%,3
Dredge,Dimir Frog,0% - 84%,0%,2
Dredge,Tameshi Belcher,2% - 100%,100%,1
Dredge,Orzhov Blink,0% - 98%,0%,1
Dredge,Esper Blink,2% - 100%,100%,1
Dredge,Eldrazi Tron,1% - 99%,50%,2
Grixis Reanimator,0% - 98%,0%,1
Dredge,Jeskai Energy Control,0% - 84%,0%,2
Dredge,Living End,0% - 98%,0%,1
Dredge,Eldrazi Aggro,1% - 99%,50%,2
Dredge,Jeskai Ascendancy,1% - 99%,50%,2
Golgari Yawgmoth,2% - 100%,100%,1
Dredge,Esper Frog,0% - 98%,0%,1
Temur Song,Overall,36% - 66%,51%,47
Temur Song,Boros Energy,9% - 76%,38%,8
Temur Song,Izzet Prowess,16% - 100%,100%,2
Temur Song,Eldrazi Ramp,16% - 100%,100%,2
Temur Song,Amulet Titan,15% - 95%,60%,5
Temur Song,Domain Aggro,12% - 88%,50%,6
Temur Song,Dimir Frog,29% - 100%,100%,3
Temur Song,Ruby Storm,0% - 60%,0%,4
Temur Song,Eldrazi Tron,2% - 100%,100%,1
Temur Song,Eldrazi Bloodchief Combo,9% - 99%,67%,3
Jeskai Ascendancy,0% - 84%,0%,2
Temur Song,Jeskai Energy Control,2% - 100%,100%,1
Temur Song,Living End,0% - 98%,0%,1
Temur Song,Eldrazi Aggro,2% - 100%,100%,1
Temur Song,Golgari Yawgmoth,0% - 98%,0%,1
Domain Cascade,Overall,30% - 60%,45%,47
Domain Cascade,Boros Energy,0% - 71%,0%,3
Domain Cascade,Izzet Prowess,15% - 95%,60%,5
Domain Cascade,Eldrazi Ramp,22% - 96%,67%,6
Domain Cascade,Amulet Titan,1% - 99%,50%,2
Domain Cascade,Dimir Frog,0% - 84%,0%,2
Domain Cascade,Tameshi Belcher,0% - 98%,0%,1
Domain Cascade,Orzhov Blink,15% - 95%,60%,5
Domain Cascade,Affinity,1% - 99%,50%,2
Grixis Reanimator,0% - 98%,0%,1
Domain Cascade,Jeskai Energy Control,1% - 99%,50%,2
Domain Cascade,Eldrazi Aggro,2% - 100%,100%,1
Domain Cascade,Mardu Energy,0% - 98%,0%,1
Golgari Yawgmoth,0% - 98%,0%,1
Domain Cascade,Esper Frog,2% - 100%,100%,1
Indomitable Creativity,Overall,49% - 78%,64%,45
Indomitable Creativity,Boros Energy,22% - 96%,67%,6
Indomitable Creativity,Izzet Prowess,19% - 99%,75%,4
Indomitable Creativity,Eldrazi Ramp,19% - 99%,75%,4
Indomitable Creativity,Amulet Titan,28% - 99%,80%,5
Indomitable Creativity,Domain Aggro,28% - 99%,80%,5
Indomitable Creativity,Dimir Frog,0% - 98%,0%,1
Indomitable Creativity,Tameshi Belcher,0% - 84%,0%,2
Indomitable Creativity,Affinity,0% - 98%,0%,1
Indomitable Creativity,Ruby Storm,2% - 100%,100%,1
Jeskai Ascendancy,1% - 99%,50%,2
Indomitable Creativity,Jeskai Energy Control,2% - 100%,100%,1
Indomitable Creativity,Eldrazi Aggro,0% - 84%,0%,2
Indomitable Creativity,Mardu Energy,2% - 100%,100%,1
Indomitable Creativity,Golgari Yawgmoth,2% - 100%,100%,1
Indomitable Creativity,Esper Frog,16% - 100%,100%,2
Mono Blue Turns,Overall,22% - 52%,36%,44
Mono Blue Turns,Boros Energy,4% - 71%,29%,7
Mono Blue Turns,Izzet Prowess,1% - 99%,50%,2
Mono Blue Turns,Eldrazi Ramp,1% - 91%,33%,3
Mono Blue Turns,Amulet Titan,1% - 81%,25%,4
Mono Blue Turns,Domain Aggro,0% - 84%,0%,2
Mono Blue Turns,Dimir Frog,1% - 99%,50%,2
Mono Blue Turns,Tameshi Belcher,1% - 91%,33%,3
Mono Blue Turns,Orzhov Blink,16% - 100%,100%,2
Mono Blue Turns,Esper Blink,2% - 100%,100%,1
Mono Blue Turns,Affinity,1% - 99%,50%,2
Mono Blue Turns,Ruby Storm,2% - 100%,100%,1
Jeskai Ascendancy,0% - 98%,0%,1
Mono Blue Turns,Jeskai Energy Control,0% - 84%,0%,2
Mono Blue Turns,Eldrazi Aggro,2% - 100%,100%,1
Soultrader,Overall,24% - 55%,39%,44
Soultrader,Boros Energy,16% - 84%,50%,8
Soultrader,Eldrazi Ramp,9% - 99%,67%,3
Soultrader,Amulet Titan,0% - 71%,0%,3
Soultrader,Domain Aggro,1% - 91%,33%,3
Soultrader,Dimir Frog,5% - 85%,40%,5
Soultrader,Tameshi Belcher,0% - 98%,0%,1
Soultrader,Orzhov Blink,1% - 91%,33%,3
Soultrader,Ruby Storm,2% - 100%,100%,1
Jeskai Ascendancy,0% - 98%,0%,1
Soultrader,Jeskai Energy Control,2% - 100%,100%,1
Soultrader,Living End,1% - 99%,50%,2
Soultrader,Eldrazi Aggro,2% - 100%,100%,1
Golgari Yawgmoth,0% - 98%,0%,1
Soultrader,Esper Frog,0% - 98%,0%,1
Hardened Scales,Overall,28% - 59%,43%,42
Hardened Scales,Boros Energy,12% - 88%,50%,6
Hardened Scales,Izzet Prowess,1% - 81%,25%,4
Hardened Scales,Eldrazi Ramp,0% - 84%,0%,2
Hardened Scales,Amulet Titan,16% - 100%,100%,2
Hardened Scales,Domain Aggro,0% - 84%,0%,2
Hardened Scales,Dimir Frog,0% - 84%,0%,2
Hardened Scales,Tameshi Belcher,2% - 100%,100%,1
Hardened Scales,Orzhov Blink,1% - 99%,50%,2
Hardened Scales,Esper Reanimator,16% - 100%,100%,2
Hardened Scales,Ruby Storm,5% - 85%,40%,5
Hardened Scales,Eldrazi Tron,2% - 100%,100%,1
Hardened Scales,Jeskai Energy Control,0% - 98%,0%,1
Gifts Storm,Overall,17% - 47%,30%,40
Gifts Storm,Boros Energy,0% - 41%,0%,7
Gifts Storm,Izzet Prowess,1% - 91%,33%,3
Gifts Storm,Eldrazi Ramp,1% - 99%,50%,2
Gifts Storm,Amulet Titan,0% - 84%,0%,2
Gifts Storm,Domain Aggro,0% - 60%,0%,4
Gifts Storm,Dimir Frog,1% - 99%,50%,2
Gifts Storm,Tameshi Belcher,0% - 98%,0%,1
Gifts Storm,Orzhov Blink,0% - 98%,0%,1
Gifts Storm,Esper Reanimator,2% - 100%,100%,1
Gifts Storm,Jeskai Ascendancy,1% - 99%,50%,2
Jeskai Energy Control,0% - 84%,0%,2
Gifts Storm,Living End,1% - 99%,50%,2
Gifts Storm,Eldrazi Aggro,2% - 100%,100%,1
Goblins,Overall,29% - 62%,45%,40
Goblins,Boros Energy,0% - 64%,17%,6
Goblins,Izzet Prowess,0% - 84%,0%,2
Goblins,Eldrazi Ramp,1% - 99%,50%,2
Goblins,Amulet Titan,9% - 99%,67%,3
Goblins,Domain Aggro,0% - 98%,0%,1
Goblins,Dimir Frog,0% - 71%,0%,3
Goblins,Tameshi Belcher,9% - 99%,67%,3
Goblins,Orzhov Blink,0% - 98%,0%,1
Goblins,Esper Blink,1% - 91%,33%,3
Goblins,Ruby Storm,2% - 100%,100%,1
Goblins,Eldrazi Bloodchief Combo,16% - 100%,100%,2
Golgari Yawgmoth,9% - 99%,67%,3
Goblins,Esper Frog,2% - 100%,100%,1
Elves,Overall,28% - 60%,44%,39
Elves,Boros Energy,9% - 99%,67%,3
Elves,Izzet Prowess,0% - 98%,0%,1
Elves,Eldrazi Ramp,0% - 60%,0%,4
Elves,Amulet Titan,1% - 81%,25%,4
Elves,Domain Aggro,2% - 100%,100%,1
Elves,Dimir Frog,0% - 71%,0%,3
Elves,Tameshi Belcher,2% - 100%,100%,1
Elves,Orzhov Blink,0% - 84%,0%,2
Elves,Esper Blink,1% - 99%,50%,2
Grixis Reanimator,0% - 98%,0%,1
Elves,Jeskai Energy Control,1% - 91%,33%,3
Elves,Living End,2% - 100%,100%,1
Golgari Yawgmoth,0% - 98%,0%,1
Elves,Esper Frog,2% - 100%,100%,1
Elves,Merfolk,29% - 100%,100%,3
Izzet Phoenix,Overall,26% - 58%,41%,39
Izzet Phoenix,Boros Energy,29% - 96%,71%,7
Izzet Phoenix,Izzet Prowess,1% - 91%,33%,3
Izzet Phoenix,Amulet Titan,0% - 84%,0%,2
Izzet Phoenix,Domain Aggro,0% - 60%,0%,4
Izzet Phoenix,Dimir Frog,0% - 84%,0%,2
Izzet Phoenix,Tameshi Belcher,9% - 99%,67%,3
Izzet Phoenix,Orzhov Blink,1% - 91%,33%,3
Izzet Phoenix,Esper Reanimator,0% - 84%,0%,2
Izzet Phoenix,Ruby Storm,2% - 100%,100%,1
Izzet Phoenix,Eldrazi Tron,0% - 84%,0%,2
Jeskai Energy Control,16% - 100%,100%,2
Izzet Phoenix,Living End,2% - 100%,100%,1
Izzet Phoenix,Golgari Yawgmoth,0% - 98%,0%,1
Mono Red Prowess,Overall,24% - 57%,39%,38
Mono Red Prowess,Boros Energy,7% - 93%,50%,4
Mono Red Prowess,Izzet Prowess,7% - 93%,50%,4
Mono Red Prowess,Eldrazi Ramp,1% - 91%,33%,3
Mono Red Prowess,Amulet Titan,9% - 99%,67%,3
Mono Red Prowess,Domain Aggro,0% - 84%,0%,2
Mono Red Prowess,Dimir Frog,2% - 100%,100%,1
Mono Red Prowess,Tameshi Belcher,1% - 99%,50%,2
Mono Red Prowess,Orzhov Blink,0% - 84%,0%,2
Mono Red Prowess,Ruby Storm,0% - 98%,0%,1
Grixis Reanimator,2% - 100%,100%,1
Mono Red Prowess,Jeskai Energy Control,0% - 98%,0%,1
Golgari Yawgmoth,0% - 98%,0%,1
Rakdos Reanimator,Overall,20% - 53%,35%,37
Rakdos Reanimator,Boros Energy,12% - 88%,50%,6
Rakdos Reanimator,Izzet Prowess,0% - 84%,0%,2
Rakdos Reanimator,Eldrazi Ramp,1% - 91%,33%,3
Rakdos Reanimator,Amulet Titan,0% - 84%,0%,2
Rakdos Reanimator,Domain Aggro,2% - 100%,100%,1
Rakdos Reanimator,Dimir Frog,0% - 98%,0%,1
Rakdos Reanimator,Esper Reanimator,0% - 84%,0%,2
Rakdos Reanimator,Esper Blink,1% - 81%,25%,4
Jeskai Energy Control,16% - 100%,100%,2
Rakdos Reanimator,Living End,2% - 100%,100%,1
Golgari Yawgmoth,0% - 98%,0%,1
Through the Breach,Overall,25% - 58%,41%,37
Through the Breach,Boros Energy,1% - 72%,20%,5
Through the Breach,Izzet Prowess,9% - 99%,67%,3
Through the Breach,Eldrazi Ramp,0% - 84%,0%,2
Through the Breach,Amulet Titan,1% - 99%,50%,2
Through the Breach,Domain Aggro,1% - 91%,33%,3
Through the Breach,Dimir Frog,1% - 91%,33%,3
Through the Breach,Tameshi Belcher,0% - 98%,0%,1
Through the Breach,Orzhov Blink,0% - 98%,0%,1
Through the Breach,Affinity,1% - 91%,33%,3
Through the Breach,Ruby Storm,2% - 100%,100%,1
Grixis Reanimator,0% - 98%,0%,1
Through the Breach,Eldrazi Aggro,2% - 100%,100%,1
Through the Breach,Mardu Energy,2% - 100%,100%,1
Golgari Yawgmoth,0% - 98%,0%,1
Mono White Control,Overall,23% - 57%,39%,36
Mono White Control,Boros Energy,1% - 81%,25%,4
Mono White Control,Izzet Prowess,16% - 100%,100%,2
Mono White Control,Eldrazi Ramp,0% - 71%,0%,3
Mono White Control,Amulet Titan,9% - 99%,67%,3
Mono White Control,Domain Aggro,1% - 91%,33%,3
Mono White Control,Orzhov Blink,1% - 81%,25%,4
Ruby Storm,0% - 98%,0%,1
Mono White Control,Eldrazi Tron,2% - 100%,100%,1
Jeskai Ascendancy,0% - 98%,0%,1
Mono White Control,Jeskai Energy Control,2% - 100%,100%,1
Golgari Yawgmoth,16% - 100%,100%,2
Mono White Control,Esper Frog,0% - 98%,0%,1
Merfolk,0% - 71%,0%,3
Mono White Control,Hammer Time,0% - 98%,0%,1
Humans,Overall,20% - 54%,35%,34
Humans,Boros Energy,1% - 81%,25%,4
Humans,Izzet Prowess,1% - 91%,33%,3
Humans,Amulet Titan,0% - 84%,0%,2
Humans,Domain Aggro,0% - 84%,0%,2
Humans,Dimir Frog,16% - 100%,100%,2
Humans,Tameshi Belcher,0% - 98%,0%,1
Ruby Storm,0% - 98%,0%,1
Eldrazi Tron,1% - 91%,33%,3
Grixis Reanimator,0% - 98%,0%,1
Humans,Jeskai Energy Control,1% - 99%,50%,2
Humans,Eldrazi Aggro,0% - 98%,0%,1
Golgari Saga,Overall,38% - 73%,56%,34
Golgari Saga,Boros Energy,12% - 88%,50%,6
Golgari Saga,Izzet Prowess,9% - 99%,67%,3
Golgari Saga,Eldrazi Ramp,9% - 99%,67%,3
Golgari Saga,Amulet Titan,9% - 99%,67%,3
Golgari Saga,Domain Aggro,2% - 100%,100%,1
Golgari Saga,Dimir Frog,0% - 98%,0%,1
Golgari Saga,Tameshi Belcher,1% - 91%,33%,3
Golgari Saga,Orzhov Blink,0% - 98%,0%,1
Eldrazi Bloodchief Combo,16% - 100%,100%,2
Grixis Reanimator,2% - 100%,100%,1
Golgari Saga,Jeskai Energy Control,2% - 100%,100%,1
Golgari Saga,Living End,2% - 100%,100%,1
Golgari Saga,Eldrazi Aggro,2% - 100%,100%,1
Golgari Saga,Golgari Yawgmoth,0% - 84%,0%,2
Golgari Saga,Esper Frog,0% - 84%,0%,2
Orzhov Necrodominance,Overall,22% - 56%,38%,34
Orzhov Necrodominance,Boros Energy,15% - 95%,60%,5
Orzhov Necrodominance,Eldrazi Ramp,1% - 99%,50%,2
Orzhov Necrodominance,Amulet Titan,0% - 71%,0%,3
Orzhov Necrodominance,Domain Aggro,1% - 99%,50%,2
Orzhov Necrodominance,Dimir Frog,22% - 96%,67%,6
Orzhov Necrodominance,Tameshi Belcher,0% - 98%,0%,1
Orzhov Necrodominance,Orzhov Blink,0% - 71%,0%,3
Eldrazi Tron,0% - 84%,0%,2
Eldrazi Aggro,2% - 100%,100%,1
Golgari Yawgmoth,0% - 98%,0%,1
Kethis Combo,Overall,48% - 84%,68%,28
Kethis Combo,Boros Energy,2% - 100%,100%,1
Kethis Combo,Izzet Prowess,1% - 99%,50%,2
Kethis Combo,Eldrazi Ramp,0% - 98%,0%,1
Kethis Combo,Amulet Titan,16% - 100%,100%,2
Kethis Combo,Domain Aggro,16% - 100%,100%,2
Kethis Combo,Dimir Frog,5% - 85%,40%,5
Kethis Combo,Tameshi Belcher,2% - 100%,100%,1
Kethis Combo,Orzhov Blink,2% - 100%,100%,1
Kethis Combo,Esper Blink,2% - 100%,100%,1
Kethis Combo,Ruby Storm,2% - 100%,100%,1
Kethis Combo,Eldrazi Tron,16% - 100%,100%,2
Grixis Reanimator,2% - 100%,100%,1
Kethis Combo,Jeskai Energy Control,0% - 98%,0%,1
Kethis Combo,Eldrazi Aggro,2% - 100%,100%,1
Jeskai Wizards,Overall,34% - 72%,54%,28
Jeskai Wizards,Boros Energy,29% - 100%,100%,3
Jeskai Wizards,Izzet Prowess,1% - 99%,50%,2
Jeskai Wizards,Amulet Titan,0% - 60%,0%,4
Jeskai Wizards,Domain Aggro,2% - 100%,100%,1
Jeskai Wizards,Esper Reanimator,1% - 91%,33%,3
Grixis Reanimator,16% - 100%,100%,2
Jeskai Wizards,Jeskai Energy Control,2% - 100%,100%,1
Jeskai Wizards,Living End,2% - 100%,100%,1
Jeskai Wizards,Eldrazi Aggro,0% - 98%,0%,1
Jeskai Wizards,Mardu Energy,0% - 84%,0%,2
Jeskai Wizards,Golgari Yawgmoth,2% - 100%,100%,1
Jeskai Wizards,Esper Frog,2% - 100%,100%,1
Dryad Valakut,Overall,8% - 41%,21%,28
Dryad Valakut,Boros Energy,0% - 84%,0%,2
Dryad Valakut,Izzet Prowess,1% - 99%,50%,2
Dryad Valakut,Eldrazi Ramp,0% - 60%,0%,4
Dryad Valakut,Amulet Titan,0% - 84%,0%,2
Dryad Valakut,Domain Aggro,1% - 99%,50%,2
Dryad Valakut,Dimir Frog,0% - 98%,0%,1
Dryad Valakut,Tameshi Belcher,0% - 98%,0%,1
Dryad Valakut,Orzhov Blink,0% - 98%,0%,1
Jeskai Energy Control,0% - 84%,0%,2
Jeskai Ephemerate,Overall,50% - 86%,70%,27
Jeskai Ephemerate,Boros Energy,22% - 96%,67%,6
Jeskai Ephemerate,Izzet Prowess,16% - 100%,100%,2
Jeskai Ephemerate,Eldrazi Ramp,2% - 100%,100%,1
Jeskai Ephemerate,Amulet Titan,0% - 98%,0%,1
Jeskai Ephemerate,Dimir Frog,0% - 98%,0%,1
Jeskai Ephemerate,Tameshi Belcher,1% - 99%,50%,2
Jeskai Ephemerate,Orzhov Blink,28% - 99%,80%,5
Jeskai Ephemerate,Esper Reanimator,2% - 100%,100%,1
Jeskai Ephemerate,Esper Blink,1% - 91%,33%,3
Grixis Reanimator,16% - 100%,100%,2
Jeskai Waymaster,Overall,39% - 78%,59%,27
Jeskai Waymaster,Boros Energy,22% - 96%,67%,6
Jeskai Waymaster,Izzet Prowess,0% - 98%,0%,1
Jeskai Waymaster,Eldrazi Ramp,7% - 93%,50%,4
Jeskai Waymaster,Domain Aggro,1% - 99%,50%,2
Jeskai Waymaster,Dimir Frog,1% - 99%,50%,2
Jeskai Waymaster,Tameshi Belcher,2% - 100%,100%,1
Jeskai Waymaster,Orzhov Blink,1% - 91%,33%,3
Jeskai Waymaster,Esper Reanimator,2% - 100%,100%,1
Grixis Reanimator,2% - 100%,100%,1
Jeskai Waymaster,Jeskai Energy Control,2% - 100%,100%,1
Jeskai Waymaster,Living End,2% - 100%,100%,1
4 Color Helga,Overall,23% - 63%,42%,26
4 Color Helga,Boros Energy,1% - 91%,33%,3
4 Color Helga,Izzet Prowess,1% - 99%,50%,2
4 Color Helga,Eldrazi Ramp,29% - 100%,100%,3
4 Color Helga,Amulet Titan,1% - 99%,50%,2
4 Color Helga,Domain Aggro,1% - 99%,50%,2
4 Color Helga,Orzhov Blink,1% - 99%,50%,2
4 Color Helga,Esper Reanimator,0% - 98%,0%,1
4 Color Helga,Esper Blink,1% - 99%,50%,2
Grixis Reanimator,0% - 84%,0%,2
Jeskai Energy Control,0% - 98%,0%,1
4 Color Helga,Eldrazi Aggro,2% - 100%,100%,1
Golgari Yawgmoth,0% - 98%,0%,1
Elementals,Overall,31% - 73%,52%,23
Elementals,Boros Energy,7% - 93%,50%,4
Elementals,Eldrazi Ramp,0% - 71%,0%,3
Elementals,Amulet Titan,2% - 100%,100%,1
Elementals,Dimir Frog,0% - 98%,0%,1
Elementals,Tameshi Belcher,0% - 98%,0%,1
Elementals,Orzhov Blink,16% - 100%,100%,2
Ruby Storm,0% - 98%,0%,1
Jeskai Ascendancy,2% - 100%,100%,1
Elementals,Jeskai Energy Control,2% - 100%,100%,1
Elementals,Living End,2% - 100%,100%,1
Elementals,Eldrazi Aggro,1% - 99%,50%,2
Golgari Yawgmoth,0% - 98%,0%,1
Bant Ephemerate,Overall,11% - 52%,29%,21
Bant Ephemerate,Boros Energy,1% - 91%,33%,3
Bant Ephemerate,Izzet Prowess,0% - 98%,0%,1
Bant Ephemerate,Eldrazi Ramp,0% - 71%,0%,3
Bant Ephemerate,Amulet Titan,2% - 100%,100%,1
Bant Ephemerate,Dimir Frog,0% - 98%,0%,1
Bant Ephemerate,Esper Reanimator,2% - 100%,100%,1
Eldrazi Tron,0% - 98%,0%,1
Bant Ephemerate,Eldrazi Bloodchief Combo,0% - 98%,0%,1
4 Color Energy,Overall,43% - 85%,67%,21
4 Color Energy,Boros Energy,10% - 82%,43%,7
4 Color Energy,Izzet Prowess,16% - 100%,100%,2
4 Color Energy,Eldrazi Ramp,2% - 100%,100%,1
4 Color Energy,Tameshi Belcher,0% - 98%,0%,1
4 Color Energy,Orzhov Blink,2% - 100%,100%,1
Eldrazi Tron,0% - 84%,0%,2
Golgari Yawgmoth,2% - 100%,100%,1
4 Color Energy,Esper Frog,2% - 100%,100%,1
Colorless Eldrazi,Overall,12% - 54%,30%,20
Colorless Eldrazi,Boros Energy,1% - 81%,25%,4
Colorless Eldrazi,Izzet Prowess,0% - 71%,0%,3
Colorless Eldrazi,Eldrazi Ramp,2% - 100%,100%,1
Colorless Eldrazi,Amulet Titan,0% - 98%,0%,1
Colorless Eldrazi,Domain Aggro,9% - 99%,67%,3
Colorless Eldrazi,Dimir Frog,2% - 100%,100%,1
Eldrazi Tron,0% - 84%,0%,2
Jeskai Energy Control,0% - 98%,0%,1
Colorless Eldrazi,Living End,2% - 100%,100%,1
Colorless Eldrazi,Eldrazi Aggro,0% - 98%,0%,1
Mardu Blink,Overall,29% - 76%,53%,19
Mardu Blink,Boros Energy,16% - 100%,100%,2
Mardu Blink,Amulet Titan,2% - 100%,100%,1
Mardu Blink,Domain Aggro,7% - 93%,50%,4
Mardu Blink,Dimir Frog,2% - 100%,100%,1
Mardu Blink,Tameshi Belcher,0% - 98%,0%,1
Eldrazi Bloodchief Combo,2% - 100%,100%,1
Jeskai Energy Control,2% - 100%,100%,1
Mardu Blink,Eldrazi Aggro,0% - 98%,0%,1
Mardu Blink,Golgari Yawgmoth,2% - 100%,100%,1
Naya Midrange,Overall,22% - 69%,44%,18
Naya Midrange,Boros Energy,7% - 93%,50%,4
Naya Midrange,Izzet Prowess,7% - 93%,50%,4
Naya Midrange,Eldrazi Ramp,1% - 99%,50%,2
Naya Midrange,Amulet Titan,0% - 98%,0%,1
Naya Midrange,Domain Aggro,0% - 98%,0%,1
Jeskai Energy Control,2% - 100%,100%,1
Naya Midrange,Golgari Yawgmoth,0% - 98%,0%,1
Martyr Life,Overall,31% - 78%,56%,18
Martyr Life,Boros Energy,1% - 99%,50%,2
Martyr Life,Izzet Prowess,0% - 98%,0%,1
Martyr Life,Eldrazi Ramp,0% - 98%,0%,1
Martyr Life,Amulet Titan,2% - 100%,100%,1
Martyr Life,Domain Aggro,2% - 100%,100%,1
Martyr Life,Dimir Frog,2% - 100%,100%,1
Martyr Life,Tameshi Belcher,0% - 98%,0%,1
Martyr Life,Orzhov Blink,0% - 98%,0%,1
Eldrazi Tron,16% - 100%,100%,2
Martyr Life,Jeskai Ascendancy,2% - 100%,100%,1
Martyr Life,Jeskai Energy Control,16% - 100%,100%,2
Asmo Food,Overall,31% - 78%,56%,18
Asmo Food,Boros Energy,16% - 100%,100%,2
Asmo Food,Izzet Prowess,2% - 100%,100%,1
Asmo Food,Eldrazi Ramp,19% - 99%,75%,4
Asmo Food,Amulet Titan,0% - 98%,0%,1
Asmo Food,Domain Aggro,9% - 99%,67%,3
Asmo Food,Orzhov Blink,0% - 98%,0%,1
Asmo Food,Eldrazi Tron,0% - 98%,0%,1
Dimir Necrodominance,Overall,31% - 78%,56%,18
Dimir Necrodominance,Boros Energy,7% - 93%,50%,4
Dimir Necrodominance,Izzet Prowess,9% - 99%,67%,3
Dimir Necrodominance,Amulet Titan,1% - 99%,50%,2
Dimir Necrodominance,Dimir Frog,1% - 99%,50%,2
Dimir Necrodominance,Tameshi Belcher,0% - 98%,0%,1
Dimir Necrodominance,Esper Reanimator,2% - 100%,100%,1
Dimir Necrodominance,Esper Blink,2% - 100%,100%,1
Vizier,Overall,18% - 67%,41%,17
Vizier,Izzet Prowess,0% - 71%,0%,3
Vizier,Eldrazi Ramp,1% - 99%,50%,2
Vizier,Amulet Titan,1% - 99%,50%,2
Vizier,Domain Aggro,0% - 84%,0%,2
Vizier,Dimir Frog,0% - 98%,0%,1
Vizier,Tameshi Belcher,0% - 98%,0%,1
Vizier,Ruby Storm,2% - 100%,100%,1
Vizier,Eldrazi Tron,2% - 100%,100%,1
Golgari Yawgmoth,0% - 98%,0%,1
Boros Wildfire,Overall,33% - 82%,59%,17
Boros Wildfire,Boros Energy,1% - 91%,33%,3
Boros Wildfire,Eldrazi Ramp,16% - 100%,100%,2
Boros Wildfire,Amulet Titan,1% - 99%,50%,2
Boros Wildfire,Domain Aggro,16% - 100%,100%,2
Boros Wildfire,Dimir Frog,1% - 99%,50%,2
Boros Wildfire,Tameshi Belcher,2% - 100%,100%,1
Ruby Storm,0% - 98%,0%,1
Jund Midrange,Overall,25% - 75%,50%,16
Jund Midrange,Boros Energy,1% - 72%,20%,5
Jund Midrange,Izzet Prowess,9% - 99%,67%,3
Jund Midrange,Amulet Titan,0% - 84%,0%,2
Jund Midrange,Tameshi Belcher,2% - 100%,100%,1
Eldrazi Tron,2% - 100%,100%,1
Jund Midrange,Eldrazi Bloodchief Combo,0% - 98%,0%,1
Jund Midrange,Golgari Yawgmoth,16% - 100%,100%,2
Death and Taxes,Overall,7% - 52%,25%,16
Death and Taxes,Eldrazi Ramp,0% - 71%,0%,3
Death and Taxes,Amulet Titan,0% - 84%,0%,2
Death and Taxes,Tameshi Belcher,0% - 98%,0%,1
Death and Taxes,Orzhov Blink,0% - 98%,0%,1
Death and Taxes,Ruby Storm,0% - 84%,0%,2
Jeskai Ascendancy,2% - 100%,100%,1
Death and Taxes,Golgari Yawgmoth,2% - 100%,100%,1
Gruul Midrange,Overall,25% - 75%,50%,16
Gruul Midrange,Boros Energy,1% - 91%,33%,3
Gruul Midrange,Izzet Prowess,2% - 100%,100%,1
Gruul Midrange,Amulet Titan,2% - 100%,100%,1
Gruul Midrange,Domain Aggro,2% - 100%,100%,1
Gruul Midrange,Dimir Frog,1% - 99%,50%,2
Gruul Midrange,Tameshi Belcher,2% - 100%,100%,1
Gruul Midrange,Eldrazi Tron,0% - 98%,0%,1
Jeskai Energy Control,1% - 91%,33%,3
Grixis Creativity,Overall,4% - 46%,19%,16
Grixis Creativity,Izzet Prowess,7% - 93%,50%,4
Eldrazi Tron,0% - 98%,0%,1
Jeskai Ascendancy,0% - 98%,0%,1
Grixis Creativity,Jeskai Energy Control,0% - 98%,0%,1
Grixis Creativity,Living End,2% - 100%,100%,1
Golgari Yawgmoth,0% - 98%,0%,1
Domain Living End,Overall,25% - 75%,50%,16
Domain Living End,Boros Energy,1% - 99%,50%,2
Domain Living End,Izzet Prowess,2% - 100%,100%,1
Domain Living End,Amulet Titan,16% - 100%,100%,2
Domain Living End,Dimir Frog,1% - 99%,50%,2
Domain Living End,Esper Reanimator,0% - 98%,0%,1
Domain Living End,Esper Blink,0% - 98%,0%,1
Domain Living End,Affinity,2% - 100%,100%,1
Domain Living End,Eldrazi Tron,0% - 84%,0%,2
Domain Living End,Eldrazi Bloodchief Combo,2% - 100%,100%,1
Golgari Yawgmoth,0% - 98%,0%,1
Cheerios,Overall,16% - 68%,40%,15
Cheerios,Boros Energy,0% - 98%,0%,1
Cheerios,Izzet Prowess,1% - 99%,50%,2
Cheerios,Eldrazi Ramp,0% - 98%,0%,1
Cheerios,Amulet Titan,1% - 99%,50%,2
Cheerios,Domain Aggro,1% - 99%,50%,2
Cheerios,Dimir Frog,0% - 98%,0%,1
Jeskai Ascendancy,2% - 100%,100%,1
Cheerios,Jeskai Energy Control,2% - 100%,100%,1
Golgari Yawgmoth,0% - 98%,0%,1
Domain Reanimator,Overall,52% - 96%,80%,15
Domain Reanimator,Boros Energy,19% - 99%,75%,4
Domain Reanimator,Izzet Prowess,2% - 100%,100%,1
Domain Reanimator,Amulet Titan,2% - 100%,100%,1
Domain Reanimator,Domain Aggro,9% - 99%,67%,3
Domain Reanimator,Dimir Frog,0% - 98%,0%,1
Domain Reanimator,Tameshi Belcher,2% - 100%,100%,1
Domain Reanimator,Orzhov Blink,2% - 100%,100%,1
Jeskai Energy Control,2% - 100%,100%,1
Naya Energy,Overall,32% - 84%,60%,15
Naya Energy,Boros Energy,36% - 100%,83%,6
Naya Energy,Eldrazi Ramp,0% - 98%,0%,1
Naya Energy,Amulet Titan,2% - 100%,100%,1
Naya Energy,Domain Aggro,0% - 98%,0%,1
Naya Energy,Dimir Frog,0% - 98%,0%,1
Jeskai Energy Control,1% - 91%,33%,3
Naya Energy,Living End,2% - 100%,100%,1
Bant Reclamation,Overall,2% - 43%,14%,14
Bant Reclamation,Boros Energy,0% - 71%,0%,3
Bant Reclamation,Eldrazi Ramp,1% - 91%,33%,3
Bant Reclamation,Domain Aggro,0% - 98%,0%,1
Bant Reclamation,Dimir Frog,0% - 98%,0%,1
Eldrazi Tron,0% - 84%,0%,2
Golgari Yawgmoth,2% - 100%,100%,1
Bant Reclamation,Esper Frog,0% - 98%,0%,1
Rakdos Arcanist,Overall,49% - 95%,79%,14
Rakdos Arcanist,Izzet Prowess,2% - 100%,100%,1
Rakdos Arcanist,Eldrazi Ramp,0% - 98%,0%,1
Rakdos Arcanist,Amulet Titan,0% - 98%,0%,1
Rakdos Arcanist,Domain Aggro,1% - 99%,50%,2
Rakdos Arcanist,Dimir Frog,2% - 100%,100%,1
Rakdos Arcanist,Tameshi Belcher,2% - 100%,100%,1
Eldrazi Tron,2% - 100%,100%,1
Golgari Yawgmoth,2% - 100%,100%,1
Twiddle Storm,Overall,13% - 65%,36%,14
Twiddle Storm,Boros Energy,1% - 91%,33%,3
Twiddle Storm,Domain Aggro,0% - 98%,0%,1
Twiddle Storm,Dimir Frog,0% - 84%,0%,2
Twiddle Storm,Tameshi Belcher,2% - 100%,100%,1
Eldrazi Tron,0% - 98%,0%,1
Twiddle Storm,Eldrazi Bloodchief Combo,0% - 98%,0%,1
Jeskai Ascendancy,1% - 99%,50%,2
Esper Ketramose Frog,Overall,13% - 65%,36%,14
Esper Ketramose Frog,Boros Energy,0% - 98%,0%,1
Esper Ketramose Frog,Izzet Prowess,0% - 84%,0%,2
Esper Ketramose Frog,Domain Aggro,0% - 98%,0%,1
Esper Ketramose Frog,Dimir Frog,0% - 84%,0%,2
Esper Ketramose Frog,Tameshi Belcher,2% - 100%,100%,1
Eldrazi Tron,0% - 98%,0%,1
Jeskai Ascendancy,2% - 100%,100%,1
4 Color Ephemerate,Overall,13% - 65%,36%,14
4 Color Ephemerate,Boros Energy,0% - 84%,0%,2
4 Color Ephemerate,Eldrazi Ramp,0% - 84%,0%,2
4 Color Ephemerate,Amulet Titan,2% - 100%,100%,1
4 Color Ephemerate,Dimir Frog,0% - 84%,0%,2
4 Color Ephemerate,Tameshi Belcher,2% - 100%,100%,1
Eldrazi Tron,0% - 98%,0%,1
Jeskai Ascendancy,2% - 100%,100%,1
Golgari Yawgmoth,0% - 98%,0%,1
Mono Black Rack,Overall,5% - 54%,23%,13
Mono Black Rack,Boros Energy,0% - 60%,0%,4
Mono Black Rack,Esper Reanimator,2% - 100%,100%,1
Mono Black Rack,Esper Blink,0% - 98%,0%,1
Mono Black Rack,Affinity,0% - 84%,0%,2
Jeskai Ascendancy,0% - 98%,0%,1
Mono Black Rack,Jeskai Energy Control,2% - 100%,100%,1
Heliod Company,Overall,14% - 68%,38%,13
Heliod Company,Boros Energy,0% - 84%,0%,2
Heliod Company,Izzet Prowess,0% - 98%,